
added 91 packages, and audited 92 packages in 2s

29 packages are looking for funding
  run `npm fund` for details

found 0 vulnerabilities

> siderail@0.2.1 check
> npm run lint && npm run test:coverage


> siderail@0.2.1 lint
> node scripts/lint.mjs && eslint . && knip --include exports


> siderail@0.2.1 test:coverage
> node --test --test-concurrency=1 --experimental-test-coverage --test-coverage-include='src/**/*.mjs' --test-coverage-lines=95 --test-coverage-branches=86 --test-coverage-functions=95 test/*.test.mjs

TAP version 13
# Subtest: tab creation uses the event tab instead of the globally focused tab
ok 1 - tab creation uses the event tab instead of the globally focused tab
  ---
  duration_ms: 1.504625
  type: 'test'
  ...
# Subtest: startup reconciliation chooses one non-SideRail pane per tab
ok 2 - startup reconciliation chooses one non-SideRail pane per tab
  ---
  duration_ms: 0.365917
  type: 'test'
  ...
# Subtest: event reconciliation filters to the created tab
ok 3 - event reconciliation filters to the created tab
  ---
  duration_ms: 0.078167
  type: 'test'
  ...
# Subtest: legacy layout-staging tabs never trigger auto-open
ok 4 - legacy layout-staging tabs never trigger auto-open
  ---
  duration_ms: 0.058125
  type: 'test'
  ...
# Subtest: bounded sweep caps workers and preserves mixed partial results
ok 5 - bounded sweep caps workers and preserves mixed partial results
  ---
  duration_ms: 1.811959
  type: 'test'
  ...
# Subtest: bounded sweep does not dequeue work after its global deadline
ok 6 - bounded sweep does not dequeue work after its global deadline
  ---
  duration_ms: 0.119125
  type: 'test'
  ...
# Subtest: bounded sweep cancels every target when the deadline has already expired
ok 7 - bounded sweep cancels every target when the deadline has already expired
  ---
  duration_ms: 0.094375
  type: 'test'
  ...
# Subtest: bounded sweep reports both active and queued jobs as deadline-cancelled
ok 8 - bounded sweep reports both active and queued jobs as deadline-cancelled
  ---
  duration_ms: 0.217
  type: 'test'
  ...
# Subtest: auto-open target gives a started layout move time to finish
ok 9 - auto-open target gives a started layout move time to finish
  ---
  duration_ms: 19.615208
  type: 'test'
  ...
# Subtest: auto-open stops at its deadline when staging has not started
ok 10 - auto-open stops at its deadline when staging has not started
  ---
  duration_ms: 25.7745
  type: 'test'
  ...
# Subtest: auto-open extends only a target with a durable staging record
ok 11 - auto-open extends only a target with a durable staging record
  ---
  duration_ms: 60.071292
  type: 'test'
  ...
# Subtest: the global auto-open deadline starts before Herdr discovery
ok 12 - the global auto-open deadline starts before Herdr discovery
  ---
  duration_ms: 6.132708
  type: 'test'
  ...
# Subtest: only user configuration can disable automatic Herdr opening
ok 13 - only user configuration can disable automatic Herdr opening
  ---
  duration_ms: 3.738834
  type: 'test'
  ...
# Subtest: non-Git legacy labels never authorize closing a user pane
ok 14 - non-Git legacy labels never authorize closing a user pane
  ---
  duration_ms: 206.22075
  type: 'test'
  ...
# Subtest: Herdr launch keeps plugin code rooted while passing the selected repository explicitly
ok 15 - Herdr launch keeps plugin code rooted while passing the selected repository explicitly
  ---
  duration_ms: 379.188125
  type: 'test'
  ...
# Subtest: help and version need no host
ok 16 - help and version need no host
  ---
  duration_ms: 19.986125
  type: 'test'
  ...
# Subtest: unknown commands and hosts fail with usage
ok 17 - unknown commands and hosts fail with usage
  ---
  duration_ms: 4.830625
  type: 'test'
  ...
# Subtest: setup with no host registers every detected host
ok 18 - setup with no host registers every detected host
  ---
  duration_ms: 11.372375
  type: 'test'
  ...
# Subtest: setup leaves Herdr's config alone when Herdr rejects the key or the config is broken
ok 19 - setup leaves Herdr's config alone when Herdr rejects the key or the config is broken
  ---
  duration_ms: 8.547417
  type: 'test'
  ...
# Subtest: setup recognizes existing bindings and declines what it cannot extend
ok 20 - setup recognizes existing bindings and declines what it cannot extend
  ---
  duration_ms: 24.278958
  type: 'test'
  ...
# Subtest: setup never commits an unvalidated candidate
ok 21 - setup never commits an unvalidated candidate
  ---
  duration_ms: 13.039041
  type: 'test'
  ...
# Subtest: an edit made while Herdr checks the candidate survives
ok 22 - an edit made while Herdr checks the candidate survives
  ---
  duration_ms: 19.116833
  type: 'test'
  ...
# Subtest: a change of any kind while Herdr checks the candidate leaves the config alone
ok 23 - a change of any kind while Herdr checks the candidate leaves the config alone
  ---
  duration_ms: 28.4
  type: 'test'
  ...
# Subtest: retargeting a symlinked config while Herdr checks the candidate leaves both files alone
ok 24 - retargeting a symlinked config while Herdr checks the candidate leaves both files alone
  ---
  duration_ms: 10.369208
  type: 'test'
  ...
# Subtest: a failed write or rename leaves the config and no temporary file behind
ok 25 - a failed write or rename leaves the config and no temporary file behind
  ---
  duration_ms: 8.571458
  type: 'test'
  ...
# Subtest: uninstall keeps the key when Herdr rejects the removal or its check fails
ok 26 - uninstall keeps the key when Herdr rejects the removal or its check fails
  ---
  duration_ms: 12.689916
  type: 'test'
  ...
# Subtest: setup and uninstall edit a symlinked config in place and keep its mode
ok 27 - setup and uninstall edit a symlinked config in place and keep its mode
  ---
  duration_ms: 20.259458
  type: 'test'
  ...
# Subtest: uninstall removes the toggle key setup added and keeps anything edited or embedded
ok 28 - uninstall removes the toggle key setup added and keeps anything edited or embedded
  ---
  duration_ms: 22.789333
  type: 'test'
  ...
# Subtest: uninstall finishes removing the key after the plugin is gone and reports a failed reload
ok 29 - uninstall finishes removing the key after the plugin is gone and reports a failed reload
  ---
  duration_ms: 8.752792
  type: 'test'
  ...
# Subtest: setup skips missing hosts, and fails when none is found
ok 30 - setup skips missing hosts, and fails when none is found
  ---
  duration_ms: 18.345792
  type: 'test'
  ...
# Subtest: cmux is detected from PATH or the macOS application
ok 31 - cmux is detected from PATH or the macOS application
  ---
  duration_ms: 22.757208
  type: 'test'
  ...
# Subtest: setup reports a moved Herdr link and an updated Dock control
ok 32 - setup reports a moved Herdr link and an updated Dock control
  ---
  duration_ms: 8.270792
  type: 'test'
  ...
# Subtest: status reports each host, including stale and missing registrations
ok 33 - status reports each host, including stale and missing registrations
  ---
  duration_ms: 29.205416
  type: 'test'
  ...
# Subtest: uninstall removes only registrations that belong to this install
ok 34 - uninstall removes only registrations that belong to this install
  ---
  duration_ms: 27.211833
  type: 'test'
  ...
# Subtest: explicit cmux uninstall removes a control from another install
ok 35 - explicit cmux uninstall removes a control from another install
  ---
  duration_ms: 11.379
  type: 'test'
  ...
# Subtest: Herdr failures other than a missing executable propagate
ok 36 - Herdr failures other than a missing executable propagate
  ---
  duration_ms: 4.725333
  type: 'test'
  ...
# Subtest: the installed bin runs through a symlink and reports errors on stderr
ok 37 - the installed bin runs through a symlink and reports errors on stderr
  ---
  duration_ms: 187.753542
  type: 'test'
  ...
# Subtest: the bin exits cleanly when its reader closes the pipe early
ok 38 - the bin exits cleanly when its reader closes the pipe early
  ---
  duration_ms: 216.053042
  type: 'test'
  ...
# Subtest: uninstall unlinks only the plugin id it verified, whatever HERDR_PLUGIN_ID says
ok 39 - uninstall unlinks only the plugin id it verified, whatever HERDR_PLUGIN_ID says
  ---
  duration_ms: 4.317959
  type: 'test'
  ...
# Subtest: default uninstall recognizes this install's control at a quoted path and leaves a quoted foreign one
ok 40 - default uninstall recognizes this install's control at a quoted path and leaves a quoted foreign one
  ---
  duration_ms: 21.239041
  type: 'test'
  ...
# Subtest: target pins the caller's tab to an open worktree and --follow releases it
ok 41 - target pins the caller's tab to an open worktree and --follow releases it
  ---
  duration_ms: 13.889584
  type: 'test'
  ...
# Subtest: target lists worktrees as JSON for agents
ok 42 - target lists worktrees as JSON for agents
  ---
  duration_ms: 7.633875
  type: 'test'
  ...
# Subtest: target rejects unknown worktrees, tabs, and ambiguous arguments
ok 43 - target rejects unknown worktrees, tabs, and ambiguous arguments
  ---
  duration_ms: 4.972583
  type: 'test'
  ...
# Subtest: cmux context events are scoped to the Dock owner window
ok 44 - cmux context events are scoped to the Dock owner window
  ---
  duration_ms: 0.826
  type: 'test'
  ...
# Subtest: cmux context watcher decodes chunked events and closes its child
ok 45 - cmux context watcher decodes chunked events and closes its child
  ---
  duration_ms: 1.566458
  type: 'test'
  ...
# Subtest: cmux context watcher tolerates an unavailable stream without an error observer
ok 46 - cmux context watcher tolerates an unavailable stream without an error observer
  ---
  duration_ms: 0.307208
  type: 'test'
  ...
# Subtest: an unscoped watcher accepts every window while events without a window are never dropped
ok 47 - an unscoped watcher accepts every window while events without a window are never dropped
  ---
  duration_ms: 0.0635
  type: 'test'
  ...
# Subtest: an event payload window overrides nothing when the frame already names another window
ok 48 - an event payload window overrides nothing when the frame already names another window
  ---
  duration_ms: 0.10225
  type: 'test'
  ...
# Subtest: closing a cmux context watcher twice kills its child exactly once
ok 49 - closing a cmux context watcher twice kills its child exactly once
  ---
  duration_ms: 0.256583
  type: 'test'
  ...
# Subtest: a clean cmux event stream exit is not an error but still reports the lost stream
ok 50 - a clean cmux event stream exit is not an error but still reports the lost stream
  ---
  duration_ms: 0.257709
  type: 'test'
  ...
# Subtest: an unrequested cmux event stream failure reports both the error and the lost stream
ok 51 - an unrequested cmux event stream failure reports both the error and the lost stream
  ---
  duration_ms: 0.299
  type: 'test'
  ...
# Subtest: closing a cmux context watcher deliberately reports neither an error nor a lost stream
ok 52 - closing a cmux context watcher deliberately reports neither an error nor a lost stream
  ---
  duration_ms: 0.2265
  type: 'test'
  ...
# Subtest: a cmux context watcher without a close observer still tolerates an exit
ok 53 - a cmux context watcher without a close observer still tolerates an exit
  ---
  duration_ms: 0.217292
  type: 'test'
  ...
# Subtest: cmux executable selection prefers an explicit override and then the bundled CLI
ok 54 - cmux executable selection prefers an explicit override and then the bundled CLI
  ---
  duration_ms: 0.896292
  type: 'test'
  ...
# Subtest: cmux Dock control ownership is keyed by its own surface, not the workspace it follows
ok 55 - cmux Dock control ownership is keyed by its own surface, not the workspace it follows
  ---
  duration_ms: 12.846333
  type: 'test'
  ...
# Subtest: cmux Dock control registration rejects incomplete, missing, malformed, and mismatched ownership
ok 56 - cmux Dock control registration rejects incomplete, missing, malformed, and mismatched ownership
  ---
  duration_ms: 10.295792
  type: 'test'
  ...
# Subtest: cmux Dock control registration follows a live surface across workspace changes
ok 57 - cmux Dock control registration follows a live surface across workspace changes
  ---
  duration_ms: 4.440583
  type: 'test'
  ...
# Subtest: cmux Dock registration liveness requires the recorded process
ok 58 - cmux Dock registration liveness requires the recorded process
  ---
  duration_ms: 0.160959
  type: 'test'
  ...
# Subtest: a reused process id cannot revive a version 3 registration
ok 59 - a reused process id cannot revive a version 3 registration
  ---
  duration_ms: 0.155292
  type: 'test'
  ...
# Subtest: a markerless version 3 record is invalid rather than silently process-id only
ok 60 - a markerless version 3 record is invalid rather than silently process-id only
  ---
  duration_ms: 4.78925
  type: 'test'
  ...
# Subtest: registration fails rather than writing a version 3 record without a start marker
ok 61 - registration fails rather than writing a version 3 record without a start marker
  ---
  duration_ms: 1.672042
  type: 'test'
  ...
# Subtest: the process start marker is read in a fixed locale and zone
ok 62 - the process start marker is read in a fixed locale and zone
  ---
  duration_ms: 0.179666
  type: 'test'
  ...
# Subtest: the process start marker rejects a row that belongs to another process
ok 63 - the process start marker rejects a row that belongs to another process
  ---
  duration_ms: 0.316333
  type: 'test'
  ...
# Subtest: main workspace selection never treats the SideRail Dock surface as its source surface
ok 64 - main workspace selection never treats the SideRail Dock surface as its source surface
  ---
  duration_ms: 0.081958
  type: 'test'
  ...
# Subtest: cmux context resolves live main-area cwd while preserving every Dock identity
ok 65 - cmux context resolves live main-area cwd while preserving every Dock identity
  ---
  duration_ms: 1.093167
  type: 'test'
  ...
# Subtest: cmux context falls back to the configured project cwd when discovery fails
ok 66 - cmux context falls back to the configured project cwd when discovery fails
  ---
  duration_ms: 0.158667
  type: 'test'
  ...
# Subtest: cmux context can resolve an older caller-scoped workspace without a window id
ok 67 - cmux context can resolve an older caller-scoped workspace without a window id
  ---
  duration_ms: 0.43425
  type: 'test'
  ...
# Subtest: cmux context remains anchored to its owner window when global focus moves
ok 68 - cmux context remains anchored to its owner window when global focus moves
  ---
  duration_ms: 0.293541
  type: 'test'
  ...
# Subtest: cmux context recovers the selected project from the focused surface when workspace cwd is stale
ok 69 - cmux context recovers the selected project from the focused surface when workspace cwd is stale
  ---
  duration_ms: 0.583417
  type: 'test'
  ...
# Subtest: cmux context pins a valid main-surface launch folder when Dock activity contaminates workspace cwd
ok 70 - cmux context pins a valid main-surface launch folder when Dock activity contaminates workspace cwd
  ---
  duration_ms: 0.585375
  type: 'test'
  ...
# Subtest: cmux context never substitutes the SideRail Dock cwd for a missing selected project
ok 71 - cmux context never substitutes the SideRail Dock cwd for a missing selected project
  ---
  duration_ms: 0.212292
  type: 'test'
  ...
# Subtest: Dock owner window is discovered from the Dock's own surface when cmux reports no caller
ok 72 - Dock owner window is discovered from the Dock's own surface when cmux reports no caller
  ---
  duration_ms: 0.143916
  type: 'test'
  ...
# Subtest: Dock owner window discovery is skipped without a surface of its own
ok 73 - Dock owner window discovery is skipped without a surface of its own
  ---
  duration_ms: 0.050834
  type: 'test'
  ...
# Subtest: Dock owner window falls back to a live window hint before the global-Dock workspace convention
ok 74 - Dock owner window falls back to a live window hint before the global-Dock workspace convention
  ---
  duration_ms: 0.105209
  type: 'test'
  ...
# Subtest: cmux context resolves the Dock-owning window when identify has no caller and focus is elsewhere
ok 75 - cmux context resolves the Dock-owning window when identify has no caller and focus is elsewhere
  ---
  duration_ms: 1.285208
  type: 'test'
  ...
# Subtest: cmux context never resolves the focused window's project for a Dock owned by another window
ok 76 - cmux context never resolves the focused window's project for a Dock owned by another window
  ---
  duration_ms: 0.613292
  type: 'test'
  ...
# Subtest: cmux context reuses a cached owner window without repeating Dock discovery
ok 77 - cmux context reuses a cached owner window without repeating Dock discovery
  ---
  duration_ms: 0.746417
  type: 'test'
  ...
# Subtest: cmux context still resolves a project when Dock owner discovery fails outright
ok 78 - cmux context still resolves a project when Dock owner discovery fails outright
  ---
  duration_ms: 0.405292
  type: 'test'
  ...
# Subtest: a checked-out candidate outranks an existing but unversioned directory
ok 79 - a checked-out candidate outranks an existing but unversioned directory
  ---
  duration_ms: 0.152958
  type: 'test'
  ...
# Subtest: no checked-out candidate keeps the first existing directory rather than an unusable path
ok 80 - no checked-out candidate keeps the first existing directory rather than an unusable path
  ---
  duration_ms: 0.11575
  type: 'test'
  ...
# Subtest: repository detection accepts a linked worktree whose .git is a file
ok 81 - repository detection accepts a linked worktree whose .git is a file
  ---
  duration_ms: 6.174708
  type: 'test'
  ...
# Subtest: cmux Dock control state paths cannot escape the SideRail cache directory
ok 82 - cmux Dock control state paths cannot escape the SideRail cache directory
  ---
  duration_ms: 5.456542
  type: 'test'
  ...
# Subtest: cmux Dock control lookup ignores another control's record for the same surface
ok 83 - cmux Dock control lookup ignores another control's record for the same surface
  ---
  duration_ms: 9.810375
  type: 'test'
  ...
# Subtest: cmux Dock control lookup prefers the current workspace and then the newest record
ok 84 - cmux Dock control lookup prefers the current workspace and then the newest record
  ---
  duration_ms: 7.783041
  type: 'test'
  ...
# Subtest: a main surface launched from home does not outrank the workspace's checked-out project
ok 85 - a main surface launched from home does not outrank the workspace's checked-out project
  ---
  duration_ms: 0.317916
  type: 'test'
  ...
# Subtest: a legacy record is migrated forward and its duplicates for the same surface are removed
ok 86 - a legacy record is migrated forward and its duplicates for the same surface are removed
  ---
  duration_ms: 15.338958
  type: 'test'
  ...
# Subtest: a version 3 record is preferred without ever scanning legacy records
ok 87 - a version 3 record is preferred without ever scanning legacy records
  ---
  duration_ms: 8.180583
  type: 'test'
  ...
# Subtest: a failed migration still returns the legacy record rather than losing the control
ok 88 - a failed migration still returns the legacy record rather than losing the control
  ---
  duration_ms: 5.139125
  type: 'test'
  ...
# Subtest: legacy selection prefers the current workspace and then the newest record
ok 89 - legacy selection prefers the current workspace and then the newest record
  ---
  duration_ms: 19.004292
  type: 'test'
  ...
# Subtest: a dead process never causes a record to be pruned, so relaunch can still find its Dock
ok 90 - a dead process never causes a record to be pruned, so relaunch can still find its Dock
  ---
  duration_ms: 6.323834
  type: 'test'
  ...
# Subtest: a registration landing mid-migration is never clobbered by the legacy record
ok 91 - a registration landing mid-migration is never clobbered by the legacy record
  ---
  duration_ms: 10.721542
  type: 'test'
  ...
# Subtest: concurrent migrations of one legacy record agree on a single canonical winner
ok 92 - concurrent migrations of one legacy record agree on a single canonical winner
  ---
  duration_ms: 17.235166
  type: 'test'
  ...
# Subtest: manual launch creates one unfocused Dock terminal and reveals Dock without stealing focus
ok 93 - manual launch creates one unfocused Dock terminal and reveals Dock without stealing focus
  ---
  duration_ms: 3.551584
  type: 'test'
  ...
# Subtest: manual launch adopts an existing SideRail Dock surface instead of duplicating it
ok 94 - manual launch adopts an existing SideRail Dock surface instead of duplicating it
  ---
  duration_ms: 1.941833
  type: 'test'
  ...
# Subtest: manual launch recognizes its configured Dock caller identity even with cmux's startup wrapper
ok 95 - manual launch recognizes its configured Dock caller identity even with cmux's startup wrapper
  ---
  duration_ms: 0.569667
  type: 'test'
  ...
# Subtest: manual launch can coexist with an unrelated configured Dock control
ok 96 - manual launch can coexist with an unrelated configured Dock control
  ---
  duration_ms: 0.430417
  type: 'test'
  ...
# Subtest: manual launch adopts a registered configured SideRail control
ok 97 - manual launch adopts a registered configured SideRail control
  ---
  duration_ms: 0.5365
  type: 'test'
  ...
# Subtest: manual launch finds an active configured control after the main workspace changes
ok 98 - manual launch finds an active configured control after the main workspace changes
  ---
  duration_ms: 0.384917
  type: 'test'
  ...
# Subtest: manual launch reuses a registered post-q login shell
ok 99 - manual launch reuses a registered post-q login shell
  ---
  duration_ms: 0.547375
  type: 'test'
  ...
# Subtest: manual launch waits for a starting configured control to register
ok 100 - manual launch waits for a starting configured control to register
  ---
  duration_ms: 0.399042
  type: 'test'
  ...
# Subtest: manual launch adopts a Dock surface with an exposed SideRail control id
ok 101 - manual launch adopts a Dock surface with an exposed SideRail control id
  ---
  duration_ms: 0.421625
  type: 'test'
  ...
# Subtest: manual launch fails closed without a selected main workspace or Dock response
ok 102 - manual launch fails closed without a selected main workspace or Dock response
  ---
  duration_ms: 1.132208
  type: 'test'
  ...
# Subtest: Dock relaunch command restates variables and quotes shell metacharacters
ok 103 - Dock relaunch command restates variables and quotes shell metacharacters
  ---
  duration_ms: 0.09
  type: 'test'
  ...
# Subtest: relaunching an existing Dock surface restores the owner window and project directory
ok 104 - relaunching an existing Dock surface restores the owner window and project directory
  ---
  duration_ms: 0.578084
  type: 'test'
  ...
# Subtest: a relaunched Dock surface receives exactly the environment a created one does
ok 105 - a relaunched Dock surface receives exactly the environment a created one does
  ---
  duration_ms: 0.520708
  type: 'test'
  ...
# Subtest: a Dock launch without a resolvable owner window omits the window variable rather than guessing
ok 106 - a Dock launch without a resolvable owner window omits the window variable rather than guessing
  ---
  duration_ms: 0.365792
  type: 'test'
  ...
# Subtest: a relaunch decision awaits an asynchronous liveness verdict
ok 107 - a relaunch decision awaits an asynchronous liveness verdict
  ---
  duration_ms: 0.387584
  type: 'test'
  ...
# Subtest: an active registration is still adopted rather than relaunched
ok 108 - an active registration is still adopted rather than relaunched
  ---
  duration_ms: 0.404083
  type: 'test'
  ...
# Subtest: clean rows open an exact read-only materialization in cmux's native file viewer
ok 109 - clean rows open an exact read-only materialization in cmux's native file viewer
  ---
  duration_ms: 15.348208
  type: 'test'
  ...
# Subtest: changed rows open their exact selected revision in cmux's native file viewer
ok 110 - changed rows open their exact selected revision in cmux's native file viewer
  ---
  duration_ms: 6.796833
  type: 'test'
  ...
# Subtest: missing main surface falls back within the explicit workspace without inheriting the Dock surface
ok 111 - missing main surface falls back within the explicit workspace without inheriting the Dock surface
  ---
  duration_ms: 7.073792
  type: 'test'
  ...
# Subtest: Dock surface is never closed from stale cmux native-preview state
ok 112 - Dock surface is never closed from stale cmux native-preview state
  ---
  duration_ms: 6.455417
  type: 'test'
  ...
# Subtest: foreign type is never closed from stale cmux native-preview state
ok 113 - foreign type is never closed from stale cmux native-preview state
  ---
  duration_ms: 4.555541
  type: 'test'
  ...
# Subtest: foreign id is never closed from stale cmux native-preview state
ok 114 - foreign id is never closed from stale cmux native-preview state
  ---
  duration_ms: 6.754958
  type: 'test'
  ...
# Subtest: a missing stale surface releases its retained native-file materialization
ok 115 - a missing stale surface releases its retained native-file materialization
  ---
  duration_ms: 12.962167
  type: 'test'
  ...
# Subtest: each open adds a new native tab and stable ownership survives Dock surface rotation
ok 116 - each open adds a new native tab and stable ownership survives Dock surface rotation
  ---
  duration_ms: 12.644708
  type: 'test'
  ...
# Subtest: stable control ownership migrates legacy surface-keyed preview state
ok 117 - stable control ownership migrates legacy surface-keyed preview state
  ---
  duration_ms: 11.065
  type: 'test'
  ...
# Subtest: replacement-era ownership migrates without closing its native tabs
ok 118 - replacement-era ownership migrates without closing its native tabs
  ---
  duration_ms: 10.178958
  type: 'test'
  ...
# Subtest: unreadable legacy ownership is reported without blocking a new preview
ok 119 - unreadable legacy ownership is reported without blocking a new preview
  ---
  duration_ms: 10.017542
  type: 'test'
  ...
# Subtest: native identity names the actual bytes for clean and deletion fallbacks
    # Subtest: clean Files row
    ok 1 - clean Files row
      ---
      duration_ms: 7.384417
      type: 'test'
      ...
    # Subtest: staged deletion
    ok 2 - staged deletion
      ---
      duration_ms: 4.848083
      type: 'test'
      ...
    # Subtest: commit deletion
    ok 3 - commit deletion
      ---
      duration_ms: 6.444792
      type: 'test'
      ...
    # Subtest: unstaged worktree
    ok 4 - unstaged worktree
      ---
      duration_ms: 6.245958
      type: 'test'
      ...
    # Subtest: untracked worktree
    ok 5 - untracked worktree
      ---
      duration_ms: 7.388375
      type: 'test'
      ...
    # Subtest: against-base revision
    ok 6 - against-base revision
      ---
      duration_ms: 6.37075
      type: 'test'
      ...
    # Subtest: against-base worktree fallback
    ok 7 - against-base worktree fallback
      ---
      duration_ms: 6.357458
      type: 'test'
      ...
    # Subtest: selected commit revision
    ok 8 - selected commit revision
      ---
      duration_ms: 5.186625
      type: 'test'
      ...
    # Subtest: filesystem worktree
    ok 9 - filesystem worktree
      ---
      duration_ms: 4.097083
      type: 'test'
      ...
    1..9
ok 120 - native identity names the actual bytes for clean and deletion fallbacks
  ---
  duration_ms: 55.263959
  type: 'test'
  ...
# Subtest: transient discovery failures retain open tabs and later prune only closed tabs
ok 121 - transient discovery failures retain open tabs and later prune only closed tabs
  ---
  duration_ms: 13.698625
  type: 'test'
  ...
# Subtest: malformed ownership is ignored while an unreadable ownership path fails before cmux mutation
ok 122 - malformed ownership is ignored while an unreadable ownership path fails before cmux mutation
  ---
  duration_ms: 5.733292
  type: 'test'
  ...
# Subtest: ownership write failure closes the new native surface and removes its materialization
ok 123 - ownership write failure closes the new native surface and removes its materialization
  ---
  duration_ms: 4.020209
  type: 'test'
  ...
# Subtest: ownership failure reports failed compensation without hiding either error
ok 124 - ownership failure reports failed compensation without hiding either error
  ---
  duration_ms: 3.808166
  type: 'test'
  ...
# Subtest: malformed native open responses fail and remove prepared files
ok 125 - malformed native open responses fail and remove prepared files
  ---
  duration_ms: 3.413125
  type: 'test'
  ...
# Subtest: partial native open reports failed close compensation
ok 126 - partial native open reports failed close compensation
  ---
  duration_ms: 4.580333
  type: 'test'
  ...
# Subtest: a failed native file-open command removes the prepared materialization
ok 127 - a failed native file-open command removes the prepared materialization
  ---
  duration_ms: 5.611167
  type: 'test'
  ...
# Subtest: direct file-open payloads and fallback filenames remain supported
ok 128 - direct file-open payloads and fallback filenames remain supported
  ---
  duration_ms: 5.149791
  type: 'test'
  ...
# Subtest: stale preview inspection failures are warnings and retain the old materialization
ok 129 - stale preview inspection failures are warnings and retain the old materialization
  ---
  duration_ms: 5.99525
  type: 'test'
  ...
# Subtest: a cleanup-state rewrite failure remains a warning after verified cleanup
ok 130 - a cleanup-state rewrite failure remains a warning after verified cleanup
  ---
  duration_ms: 6.728
  type: 'test'
  ...
# Subtest: stale state can never remove a materialization outside SideRail's cache
ok 131 - stale state can never remove a materialization outside SideRail's cache
  ---
  duration_ms: 9.775334
  type: 'test'
  ...
# Subtest: cmux preview requires a resolved main workspace
ok 132 - cmux preview requires a resolved main workspace
  ---
  duration_ms: 0.8605
  type: 'test'
  ...
# Subtest: surface ownership requires exact id, native panel type, and main-area scope
ok 133 - surface ownership requires exact id, native panel type, and main-area scope
  ---
  duration_ms: 0.197208
  type: 'test'
  ...
# Subtest: a native open that returns no surface identity removes its materialization and fails
ok 134 - a native open that returns no surface identity removes its materialization and fails
  ---
  duration_ms: 4.539792
  type: 'test'
  ...
# Subtest: an unreadable materialization target is cleaned up rather than left half written
ok 135 - an unreadable materialization target is cleaned up rather than left half written
  ---
  duration_ms: 1.69525
  type: 'test'
  ...
# Subtest: preview ownership survives a cache directory that does not exist yet
ok 136 - preview ownership survives a cache directory that does not exist yet
  ---
  duration_ms: 5.436875
  type: 'test'
  ...
# Subtest: a preview state path is confined to the SideRail cache for hostile identities
ok 137 - a preview state path is confined to the SideRail cache for hostile identities
  ---
  duration_ms: 0.786875
  type: 'test'
  ...
# Subtest: cmux Dock restart command preserves absolute paths with shell metacharacters
ok 138 - cmux Dock restart command preserves absolute paths with shell metacharacters
  ---
  duration_ms: 0.842333
  type: 'test'
  ...
# Subtest: cmux Dock restart command restates the host environment a resume binding cannot store
ok 139 - cmux Dock restart command restates the host environment a resume binding cannot store
  ---
  duration_ms: 0.18525
  type: 'test'
  ...
# Subtest: cmux Dock resume registration is scoped to its window and surface
ok 140 - cmux Dock resume registration is scoped to its window and surface
  ---
  duration_ms: 1.000458
  type: 'test'
  ...
# Subtest: cmux Dock resume registration ignores foreign and incomplete controls
ok 141 - cmux Dock resume registration ignores foreign and incomplete controls
  ---
  duration_ms: 0.101334
  type: 'test'
  ...
# Subtest: cmux Dock resume registration survives a restore that dropped the owner window id
ok 142 - cmux Dock resume registration survives a restore that dropped the owner window id
  ---
  duration_ms: 0.171291
  type: 'test'
  ...
# Subtest: cmux Dock resume registration reports a retained manual approval
ok 143 - cmux Dock resume registration reports a retained manual approval
  ---
  duration_ms: 0.096167
  type: 'test'
  ...
# Subtest: live pane owns the single product title
ok 144 - live pane owns the single product title
  ---
  duration_ms: 3.704166
  type: 'test'
  ...
# Subtest: Herdr opens SideRail for restored and newly created tabs
ok 145 - Herdr opens SideRail for restored and newly created tabs
  ---
  duration_ms: 1.140333
  type: 'test'
  ...
# Subtest: Herdr exposes a current-tab SideRail toggle action
ok 146 - Herdr exposes a current-tab SideRail toggle action
  ---
  duration_ms: 0.508375
  type: 'test'
  ...
# Subtest: file previews open in a dedicated Herdr tab
ok 147 - file previews open in a dedicated Herdr tab
  ---
  duration_ms: 0.686334
  type: 'test'
  ...
# Subtest: cmux previews use native file tabs without changing the Herdr preview
ok 148 - cmux previews use native file tabs without changing the Herdr preview
  ---
  duration_ms: 0.971334
  type: 'test'
  ...
# Subtest: preview scrolling repaints in place without clearing the screen
ok 149 - preview scrolling repaints in place without clearing the screen
  ---
  duration_ms: 0.793792
  type: 'test'
  ...
# Subtest: manual refresh confirmation is transient
ok 150 - manual refresh confirmation is transient
  ---
  duration_ms: 0.474708
  type: 'test'
  ...
# Subtest: configuration validates version, launch mode, and refresh bounds
ok 151 - configuration validates version, launch mode, and refresh bounds
  ---
  duration_ms: 1.059583
  type: 'test'
  ...
# Subtest: the shipped example is governed by runtime validation alone
ok 152 - the shipped example is governed by runtime validation alone
  ---
  duration_ms: 0.725459
  type: 'test'
  ...
# Subtest: configuration requires a version and rejects nested unknown keys
ok 153 - configuration requires a version and rejects nested unknown keys
  ---
  duration_ms: 0.2835
  type: 'test'
  ...
# Subtest: viewer actions resolve conditionally by selected filename
ok 154 - viewer actions resolve conditionally by selected filename
  ---
  duration_ms: 0.485167
  type: 'test'
  ...
# Subtest: viewer executable preflight detects commands without invoking them
ok 155 - viewer executable preflight detects commands without invoking them
  ---
  duration_ms: 3.406167
  type: 'test'
  ...
# Subtest: installed Markdown rules bypass the generic preview only when system open is directly usable
ok 156 - installed Markdown rules bypass the generic preview only when system open is directly usable
  ---
  duration_ms: 1.285917
  type: 'test'
  ...
# Subtest: configuration rejects mistyped structured values
ok 157 - configuration rejects mistyped structured values
  ---
  duration_ms: 0.135084
  type: 'test'
  ...
# Subtest: user configuration merges by key and environment wins
ok 158 - user configuration merges by key and environment wins
  ---
  duration_ms: 4.325125
  type: 'test'
  ...
# Subtest: an explicit Glow TUI rule is preserved
ok 159 - an explicit Glow TUI rule is preserved
  ---
  duration_ms: 5.287292
  type: 'test'
  ...
# Subtest: environment overrides do not mutate built-in defaults
ok 160 - environment overrides do not mutate built-in defaults
  ---
  duration_ms: 2.503292
  type: 'test'
  ...
# Subtest: editor integration is optional and EDITOR remains a fallback
ok 161 - editor integration is optional and EDITOR remains a fallback
  ---
  duration_ms: 3.832834
  type: 'test'
  ...
# Subtest: invalid environment overrides report errors without replacing valid defaults
ok 162 - invalid environment overrides report errors without replacing valid defaults
  ---
  duration_ms: 2.477584
  type: 'test'
  ...
# Subtest: out-of-range polling overrides preserve a user interval
ok 163 - out-of-range polling overrides preserve a user interval
  ---
  duration_ms: 3.799333
  type: 'test'
  ...
# Subtest: structured file diff removes Git plumbing and tracks both line numbers
ok 164 - structured file diff removes Git plumbing and tracks both line numbers
  ---
  duration_ms: 1.992125
  type: 'test'
  ...
# Subtest: structured file diff preserves meaningful file metadata
ok 165 - structured file diff preserves meaningful file metadata
  ---
  duration_ms: 0.097583
  type: 'test'
  ...
# Subtest: structured file diff parses combined conflict hunks
ok 166 - structured file diff parses combined conflict hunks
  ---
  duration_ms: 0.213583
  type: 'test'
  ...
# Subtest: diff rows neutralize repository-controlled terminal sequences
ok 167 - diff rows neutralize repository-controlled terminal sequences
  ---
  duration_ms: 0.220583
  type: 'test'
  ...
# Subtest: structured diff parsing strips Git color without losing hunk semantics
ok 168 - structured diff parsing strips Git color without losing hunk semantics
  ---
  duration_ms: 0.079125
  type: 'test'
  ...
# Subtest: clean Markdown opens its worktree path directly with the system application
ok 169 - clean Markdown opens its worktree path directly with the system application
  ---
  duration_ms: 6.157542
  type: 'test'
  ...
# Subtest: historical Markdown opens an exact read-only copy and schedules its cleanup
ok 170 - historical Markdown opens an exact read-only copy and schedules its cleanup
  ---
  duration_ms: 222.767916
  type: 'test'
  ...
# Subtest: a failed system open removes its temporary copy
ok 171 - a failed system open removes its temporary copy
  ---
  duration_ms: 5.985625
  type: 'test'
  ...
# Subtest: security policy directs reports to the repository's private reporting channel
ok 172 - security policy directs reports to the repository's private reporting channel
  ---
  duration_ms: 3.793667
  type: 'test'
  ...
# Subtest: documentation states the eventual refresh and user-only configuration contracts
ok 173 - documentation states the eventual refresh and user-only configuration contracts
  ---
  duration_ms: 1.109458
  type: 'test'
  ...
# Subtest: public installation and release evidence instructions enforce the candidate gates
ok 174 - public installation and release evidence instructions enforce the candidate gates
  ---
  duration_ms: 1.841042
  type: 'test'
  ...
# Subtest: the default local check enforces coverage
ok 175 - the default local check enforces coverage
  ---
  duration_ms: 0.352375
  type: 'test'
  ...
# Subtest: cmux documentation and project Dock config describe the supported right-sidebar host
ok 176 - cmux documentation and project Dock config describe the supported right-sidebar host
  ---
  duration_ms: 2.361291
  type: 'test'
  ...
# Subtest: live release cleanup is isolated from the operator's Herdr installation
ok 177 - live release cleanup is isolated from the operator's Herdr installation
  ---
  duration_ms: 0.704708
  type: 'test'
  ...
# Subtest: sealed release logs are not hidden by the general log ignore
ok 178 - sealed release logs are not hidden by the general log ignore
  ---
  duration_ms: 0.492875
  type: 'test'
  ...
# Subtest: sealed evidence is excluded from later archives and preserves terminal bytes
ok 179 - sealed evidence is excluded from later archives and preserves terminal bytes
  ---
  duration_ms: 1.538542
  type: 'test'
  ...
# Subtest: the Docker Linux worker pins a checksummed Herdr and is part of the release runbook
ok 180 - the Docker Linux worker pins a checksummed Herdr and is part of the release runbook
  ---
  duration_ms: 1.749417
  type: 'test'
  ...
# Subtest: search folder state uses one bounded scope and row signatures reflect content
ok 181 - search folder state uses one bounded scope and row signatures reflect content
  ---
  duration_ms: 0.9135
  type: 'test'
  ...
# Subtest: folder collapse keys cover every tree ancestor and grouped folder
ok 182 - folder collapse keys cover every tree ancestor and grouped folder
  ---
  duration_ms: 0.887583
  type: 'test'
  ...
# Subtest: folder expansion survives an ancestor collapse while newly discovered descendants start collapsed
ok 183 - folder expansion survives an ancestor collapse while newly discovered descendants start collapsed
  ---
  duration_ms: 0.10525
  type: 'test'
  ...
# Subtest: tree rows retain enough ancestry to distinguish siblings from nested children
ok 184 - tree rows retain enough ancestry to distinguish siblings from nested children
  ---
  duration_ms: 7.284125
  type: 'test'
  ...
# Subtest: 20k-path files model materializes only the viewport at supported widths
ok 185 - 20k-path files model materializes only the viewport at supported widths
  ---
  duration_ms: 208.575791
  type: 'test'
  ...
# Subtest: metadata filtering is dependency-specific and conservative when unhealthy
ok 186 - metadata filtering is dependency-specific and conservative when unhealthy
  ---
  duration_ms: 0.990333
  type: 'test'
  ...
# Subtest: ignored noise uses one NUL-safe batch and caches exact paths
ok 187 - ignored noise uses one NUL-safe batch and caches exact paths
  ---
  duration_ms: 4.322417
  type: 'test'
  ...
# Subtest: tracked paths, tracked directory renames, and submodule children bypass ignores
ok 188 - tracked paths, tracked directory renames, and submodule children bypass ignores
  ---
  duration_ms: 0.590708
  type: 'test'
  ...
# Subtest: own and sibling indexes are distinct for primary and linked worktrees
ok 189 - own and sibling indexes are distinct for primary and linked worktrees
  ---
  duration_ms: 0.327
  type: 'test'
  ...
# Subtest: ignore/index/config changes invalidate classification without discarding tracked ignores
ok 190 - ignore/index/config changes invalidate classification without discarding tracked ignores
  ---
  duration_ms: 1.446458
  type: 'test'
  ...
# Subtest: unknown names, external paths, directory mode, and provider errors recover conservatively
ok 191 - unknown names, external paths, directory mode, and provider errors recover conservatively
  ---
  duration_ms: 0.506833
  type: 'test'
  ...
# Subtest: classification failure and a generation change during classification never drop work
ok 192 - classification failure and a generation change during classification never drop work
  ---
  duration_ms: 0.626333
  type: 'test'
  ...
# Subtest: close cancels pending work and drops in-flight classifier completions
ok 193 - close cancels pending work and drops in-flight classifier completions
  ---
  duration_ms: 0.629583
  type: 'test'
  ...
# Subtest: bounded ignore LRU promotes true and false hits and conservatively reclassifies evicted paths
ok 194 - bounded ignore LRU promotes true and false hits and conservatively reclassifies evicted paths
  ---
  duration_ms: 0.845042
  type: 'test'
  ...
# Subtest: ignore cache rejects invalid capacities and bounds a batch larger than its capacity
ok 195 - ignore cache rejects invalid capacities and bounds a batch larger than its capacity
  ---
  duration_ms: 1.703667
  type: 'test'
  ...
# Subtest: ls-files stage parser retains hidden worktree-presence flags
ok 196 - ls-files stage parser retains hidden worktree-presence flags
  ---
  duration_ms: 1.634875
  type: 'test'
  ...
# Subtest: commit machine formats preserve control characters and unambiguous paths
ok 197 - commit machine formats preserve control characters and unambiguous paths
  ---
  duration_ms: 0.269125
  type: 'test'
  ...
# Subtest: porcelain v2 parser preserves spaces, tabs, unicode, renames, and conflicts
ok 198 - porcelain v2 parser preserves spaces, tabs, unicode, renames, and conflicts
  ---
  duration_ms: 0.144959
  type: 'test'
  ...
# Subtest: combined raw and numstat output preserves metadata, stats, and unusual paths
ok 199 - combined raw and numstat output preserves metadata, stats, and unusual paths
  ---
  duration_ms: 0.235334
  type: 'test'
  ...
# Subtest: a silent handshake expires and close settles without an abandoned connection
ok 200 - a silent handshake expires and close settles without an abandoned connection
  ---
  duration_ms: 53.124417
  type: 'test'
  ...
# Subtest: initial connection sends exactly one repository subscription
ok 201 - initial connection sends exactly one repository subscription
  ---
  duration_ms: 1.711292
  type: 'test'
  ...
# Subtest: blocked client controls wait for drain and then flush in order
ok 202 - blocked client controls wait for drain and then flush in order
  ---
  duration_ms: 8.231166
  type: 'test'
  ...
# Subtest: blocked client controls enforce the count bound and release pending requests
ok 203 - blocked client controls enforce the count bound and release pending requests
  ---
  duration_ms: 14.568791
  type: 'test'
  ...
# Subtest: blocked client controls enforce the bytes bound and release pending requests
ok 204 - blocked client controls enforce the bytes bound and release pending requests
  ---
  duration_ms: 15.59725
  type: 'test'
  ...
# Subtest: disconnect retains stale state and retries beyond a failed connection window
ok 205 - disconnect retains stale state and retries beyond a failed connection window
  ---
  duration_ms: 104.788542
  type: 'test'
  ...
# Subtest: a coordinator that never drains is disconnected at the blocked-write deadline
ok 206 - a coordinator that never drains is disconnected at the blocked-write deadline
  ---
  duration_ms: 20.653959
  type: 'test'
  ...
# Subtest: unanswered requests time out and do not make unsubscribe or client close hang
ok 207 - unanswered requests time out and do not make unsubscribe or client close hang
  ---
  duration_ms: 42.477167
  type: 'test'
  ...
# Subtest: closing before connect finishes destroys the arriving socket and suppresses state
ok 208 - closing before connect finishes destroys the arriving socket and suppresses state
  ---
  duration_ms: 0.455
  type: 'test'
  ...
# Subtest: an initial retry keeps a standalone process alive until ready settles
ok 209 - an initial retry keeps a standalone process alive until ready settles
  ---
  duration_ms: 144.638167
  type: 'test'
  ...
# Subtest: an independent Node client connects successfully after its initial refusal
ok 210 - an independent Node client connects successfully after its initial refusal
  ---
  duration_ms: 109.182083
  type: 'test'
  ...
# Subtest: coordinator transport drains controls in order and enforces blocked-write bounds
ok 211 - coordinator transport drains controls in order and enforces blocked-write bounds
  ---
  duration_ms: 10.6505
  type: 'test'
  ...
# Subtest: eight socket clients share one engine build and one edit build
ok 212 - eight socket clients share one engine build and one edit build
  ---
  duration_ms: 33.35975
  type: 'test'
  ...
# Subtest: a disconnected client resubscribes and maps a restarted engine to a fresh local generation
ok 213 - a disconnected client resubscribes and maps a restarted engine to a fresh local generation
  ---
  duration_ms: 36.513583
  type: 'test'
  ...
# Subtest: host refresh suppresses unchanged context and reconnect follows a moved rail terminal
ok 214 - host refresh suppresses unchanged context and reconnect follows a moved rail terminal
  ---
  duration_ms: 47.945
  type: 'test'
  ...
# Subtest: a non-repository engine migrates to the Git identity when a late client joins
ok 215 - a non-repository engine migrates to the Git identity when a late client joins
  ---
  duration_ms: 353.19875
  type: 'test'
  ...
# Subtest: relocated Git metadata gets a distinct engine instead of relabeling an active context
ok 216 - relocated Git metadata gets a distinct engine instead of relabeling an active context
  ---
  duration_ms: 843.153917
  type: 'test'
  ...
# Subtest: an unencodable snapshot is typed and remains non-shareable for that engine key
ok 217 - an unencodable snapshot is typed and remains non-shareable for that engine key
  ---
  duration_ms: 3.5985
  type: 'test'
  ...
# Subtest: atomic launch claims allow one child and reclaim a dead owner
ok 218 - atomic launch claims allow one child and reclaim a dead owner
  ---
  duration_ms: 61.675
  type: 'test'
  ...
# Subtest: the thin launcher starts one real daemon and records its complete lifecycle
ok 219 - the thin launcher starts one real daemon and records its complete lifecycle
  ---
  duration_ms: 3416.99825
  type: 'test'
  ...
# Subtest: a client that disconnects while its repository identity resolves leaves the coordinator idle
ok 220 - a client that disconnects while its repository identity resolves leaves the coordinator idle
  ---
  duration_ms: 15.0245
  type: 'test'
  ...
# Subtest: a repository subscription closed while it starts is never registered
ok 221 - a repository subscription closed while it starts is never registered
  ---
  duration_ms: 24.601208
  type: 'test'
  ...
# Subtest: effective Git environment is deterministic, conservative, and excludes resolved SideRail inputs
ok 222 - effective Git environment is deterministic, conservative, and excludes resolved SideRail inputs
  ---
  duration_ms: 1.386291
  type: 'test'
  ...
# Subtest: Git executable identity resolves PATH to canonical file identity
ok 223 - Git executable identity resolves PATH to canonical file identity
  ---
  duration_ms: 16.307458
  type: 'test'
  ...
# Subtest: code fingerprint covers canonical checkout path, runtime paths, and bytes
ok 224 - code fingerprint covers canonical checkout path, runtime paths, and bytes
  ---
  duration_ms: 16.226125
  type: 'test'
  ...
# Subtest: coordinator namespace separates user, host session, code, and Git-impact environment
ok 225 - coordinator namespace separates user, host session, code, and Git-impact environment
  ---
  duration_ms: 4.119125
  type: 'test'
  ...
# Subtest: effective runtime semantics include immutable environment overrides only
ok 226 - effective runtime semantics include immutable environment overrides only
  ---
  duration_ms: 0.21675
  type: 'test'
  ...
# Subtest: private runtime paths are mode 0700, short, stable, and do not claim the lease
ok 227 - private runtime paths are mode 0700, short, stable, and do not claim the lease
  ---
  duration_ms: 5.066458
  type: 'test'
  ...
# Subtest: unsafe configured runtime directories and symlinks are never used
ok 228 - unsafe configured runtime directories and symlinks are never used
  ---
  duration_ms: 6.178833
  type: 'test'
  ...
# Subtest: repository identity shares subdirectories and resolves a relative alternate index from worktree root
ok 229 - repository identity shares subdirectories and resolves a relative alternate index from worktree root
  ---
  duration_ms: 259.823833
  type: 'test'
  ...
# Subtest: linked worktrees have distinct per-worktree Git dirs and one common Git dir
ok 230 - linked worktrees have distinct per-worktree Git dirs and one common Git dir
  ---
  duration_ms: 243.46525
  type: 'test'
  ...
# Subtest: ordinary non-repositories use canonical filesystem identity
ok 231 - ordinary non-repositories use canonical filesystem identity
  ---
  duration_ms: 41.56475
  type: 'test'
  ...
# Subtest: missing executables and ambiguous environment values fail explicitly
ok 232 - missing executables and ambiguous environment values fail explicitly
  ---
  duration_ms: 0.358916
  type: 'test'
  ...
# Subtest: malformed namespace inputs cannot collapse incompatible coordinators
ok 233 - malformed namespace inputs cannot collapse incompatible coordinators
  ---
  duration_ms: 0.37
  type: 'test'
  ...
# Subtest: runtime paths reject wrong ownership, inaccessible filesystems, and excessive socket lengths
ok 234 - runtime paths reject wrong ownership, inaccessible filesystems, and excessive socket lengths
  ---
  duration_ms: 0.231708
  type: 'test'
  ...
# Subtest: executable and code identity failures are typed instead of borrowing another context
ok 235 - executable and code identity failures are typed instead of borrowing another context
  ---
  duration_ms: 0.265875
  type: 'test'
  ...
# Subtest: ambiguous repository responses fail before a potentially incorrect shared snapshot
ok 236 - ambiguous repository responses fail before a potentially incorrect shared snapshot
  ---
  duration_ms: 0.284333
  type: 'test'
  ...
# Subtest: only Git's own exit marks a directory as outside Git
ok 237 - only Git's own exit marks a directory as outside Git
  ---
  duration_ms: 3.812458
  type: 'test'
  ...
# Subtest: snapshot codec preserves only the schema-declared Map and own-property presence
ok 238 - snapshot codec preserves only the schema-declared Map and own-property presence
  ---
  duration_ms: 2.081833
  type: 'test'
  ...
# Subtest: snapshot codec preserves an empty commit path Map
ok 239 - snapshot codec preserves an empty commit path Map
  ---
  duration_ms: 0.149916
  type: 'test'
  ...
# Subtest: snapshot codec rejects arbitrary Maps, cycles, tags, and forged undefined paths
ok 240 - snapshot codec rejects arbitrary Maps, cycles, tags, and forged undefined paths
  ---
  duration_ms: 0.326083
  type: 'test'
  ...
# Subtest: four-byte framing handles split headers, split payloads, and multiple frames
ok 241 - four-byte framing handles split headers, split payloads, and multiple frames
  ---
  duration_ms: 0.539417
  type: 'test'
  ...
# Subtest: frame decoder rejects oversize, malformed, and truncated frames and can reset
ok 242 - frame decoder rejects oversize, malformed, and truncated frames and can reset
  ---
  duration_ms: 0.188875
  type: 'test'
  ...
# Subtest: frame encoder enforces the caller-selected bound
ok 243 - frame encoder enforces the caller-selected bound
  ---
  duration_ms: 0.075875
  type: 'test'
  ...
# Subtest: client validator accepts typed repository and host requests
ok 244 - client validator accepts typed repository and host requests
  ---
  duration_ms: 0.24675
  type: 'test'
  ...
# Subtest: validators reject unknown fields and command or environment injection
ok 245 - validators reject unknown fields and command or environment injection
  ---
  duration_ms: 0.110209
  type: 'test'
  ...
# Subtest: server validator accepts encoded repository and exact host deliveries
ok 246 - server validator accepts encoded repository and exact host deliveries
  ---
  duration_ms: 0.238833
  type: 'test'
  ...
# Subtest: typed wire messages reject malformed scalar fields and contradictory responses
ok 247 - typed wire messages reject malformed scalar fields and contradictory responses
  ---
  duration_ms: 0.223334
  type: 'test'
  ...
# Subtest: snapshot schema rejects forged Maps and restores nested undefined without prototype mutation
ok 248 - snapshot schema rejects forged Maps and restores nested undefined without prototype mutation
  ---
  duration_ms: 0.338375
  type: 'test'
  ...
# Subtest: framing rejects invalid limits, unserializable messages, and zero-length frames
ok 249 - framing rejects invalid limits, unserializable messages, and zero-length frames
  ---
  duration_ms: 0.178791
  type: 'test'
  ...
# Subtest: runtime namespace follows immutable env overrides while config-file edits stay in one namespace
ok 250 - runtime namespace follows immutable env overrides while config-file edits stay in one namespace
  ---
  duration_ms: 56.589709
  type: 'test'
  ...
# Subtest: process start identity uses an absolute system command independent of PATH
ok 251 - process start identity uses an absolute system command independent of PATH
  ---
  duration_ms: 0.877959
  type: 'test'
  ...
# Subtest: runtime rejects mismatched identity and lost launch leases before binding
ok 252 - runtime rejects mismatched identity and lost launch leases before binding
  ---
  duration_ms: 2.310375
  type: 'test'
  ...
# Subtest: runtime owns signal, coordinator, socket, owner, and lease cleanup
ok 253 - runtime owns signal, coordinator, socket, owner, and lease cleanup
  ---
  duration_ms: 11.016167
  type: 'test'
  ...
# Subtest: process identity rejects unsupported and empty results
ok 254 - process identity rejects unsupported and empty results
  ---
  duration_ms: 0.13825
  type: 'test'
  ...
# Subtest: idle shutdown rechecks new clients, and listen failures release owned resources
ok 255 - idle shutdown rechecks new clients, and listen failures release owned resources
  ---
  duration_ms: 15.273625
  type: 'test'
  ...
# Subtest: shutdown errors reject completion and a changed lease is never removed
ok 256 - shutdown errors reject completion and a changed lease is never removed
  ---
  duration_ms: 13.036417
  type: 'test'
  ...
# Subtest: cwd-dependent executable and config environments explicitly remain in process
ok 257 - cwd-dependent executable and config environments explicitly remain in process
  ---
  duration_ms: 0.334792
  type: 'test'
  ...
# Subtest: an asynchronous watcher error closes only that watcher and reaches recovery
ok 258 - an asynchronous watcher error closes only that watcher and reaches recovery
  ---
  duration_ms: 0.799458
  type: 'test'
  ...
# Subtest: the release witness can isolate the recovery poll from filesystem watchers
ok 259 - the release witness can isolate the recovery poll from filesystem watchers
  ---
  duration_ms: 0.152834
  type: 'test'
  ...
# Subtest: git watcher resolves and deduplicates per-worktree and common git directories
ok 260 - git watcher resolves and deduplicates per-worktree and common git directories
  ---
  duration_ms: 2.646292
  type: 'test'
  ...
# Subtest: git watcher never runs Git for an empty repository root
ok 261 - git watcher never runs Git for an empty repository root
  ---
  duration_ms: 0.089042
  type: 'test'
  ...
# Subtest: session snapshot uses one documented socket request
ok 262 - session snapshot uses one documented socket request
  ---
  duration_ms: 1.508625
  type: 'test'
  ...
# Subtest: one source shares its initial snapshot and publishes semantic changes only
ok 263 - one source shares its initial snapshot and publishes semantic changes only
  ---
  duration_ms: 0.683125
  type: 'test'
  ...
# Subtest: concurrent refresh requests queue one follow-up without overlapping snapshots
ok 264 - concurrent refresh requests queue one follow-up without overlapping snapshots
  ---
  duration_ms: 2.24725
  type: 'test'
  ...
# Subtest: fallback cadence is one snapshot per completed interval and stops without subscribers
ok 265 - fallback cadence is one snapshot per completed interval and stops without subscribers
  ---
  duration_ms: 0.884666
  type: 'test'
  ...
# Subtest: snapshot failure is explicit, retains no false context, and schedules retry
ok 266 - snapshot failure is explicit, retains no false context, and schedules retry
  ---
  duration_ms: 0.199875
  type: 'test'
  ...
# Subtest: a listener failure is isolated from other subscribers and future polling
ok 267 - a listener failure is isolated from other subscribers and future polling
  ---
  duration_ms: 0.134416
  type: 'test'
  ...
# Subtest: default host source uses the socket and its timer without launching a CLI
ok 268 - default host source uses the socket and its timer without launching a CLI
  ---
  duration_ms: 57.025833
  type: 'test'
  ...
# Subtest: host response validation fails explicitly and inactive queued refreshes settle
ok 269 - host response validation fails explicitly and inactive queued refreshes settle
  ---
  duration_ms: 0.343625
  type: 'test'
  ...
# Subtest: content selection follows each tab's focused pane and ignores SideRail panes
ok 270 - content selection follows each tab's focused pane and ignores SideRail panes
  ---
  duration_ms: 0.814833
  type: 'test'
  ...
# Subtest: live cwd resolution is scoped to the rail's own tab
ok 271 - live cwd resolution is scoped to the rail's own tab
  ---
  duration_ms: 1.047083
  type: 'test'
  ...
# Subtest: a focused SideRail Demo never becomes the main rail's content source
ok 272 - a focused SideRail Demo never becomes the main rail's content source
  ---
  duration_ms: 0.077542
  type: 'test'
  ...
# Subtest: a stored SideRail Demo source is discarded in favor of real tab content
ok 273 - a stored SideRail Demo source is discarded in favor of real tab content
  ---
  duration_ms: 0.123334
  type: 'test'
  ...
# Subtest: a moved rail resolves cwd from its current workspace instead of its launch workspace
ok 274 - a moved rail resolves cwd from its current workspace instead of its launch workspace
  ---
  duration_ms: 0.14525
  type: 'test'
  ...
# Subtest: snapshot context follows a moved rail by terminal identity and reports visibility
ok 275 - snapshot context follows a moved rail by terminal identity and reports visibility
  ---
  duration_ms: 0.133583
  type: 'test'
  ...
# Subtest: snapshot context distinguishes hidden and no-content rails
ok 276 - snapshot context distinguishes hidden and no-content rails
  ---
  duration_ms: 0.07925
  type: 'test'
  ...
# Subtest: configured sidebar width shrinks a new right split to exact columns
ok 277 - configured sidebar width shrinks a new right split to exact columns
  ---
  duration_ms: 0.93125
  type: 'test'
  ...
# Subtest: configured width never takes more than half a narrow split
ok 278 - configured width never takes more than half a narrow split
  ---
  duration_ms: 0.16975
  type: 'test'
  ...
# Subtest: configured width respects Herdr's minimum split ratio
ok 279 - configured width respects Herdr's minimum split ratio
  ---
  duration_ms: 0.058667
  type: 'test'
  ...
# Subtest: sidebar resize uses Herdr layout and pane APIs without changing focus
ok 280 - sidebar resize uses Herdr layout and pane APIs without changing focus
  ---
  duration_ms: 0.840167
  type: 'test'
  ...
# Subtest: orphaned pane locks are recovered instead of suppressing auto-open
ok 281 - orphaned pane locks are recovered instead of suppressing auto-open
  ---
  duration_ms: 16.456208
  type: 'test'
  ...
# Subtest: a live lock cannot be age-evicted or released by an earlier owner
ok 282 - a live lock cannot be age-evicted or released by an earlier owner
  ---
  duration_ms: 112.076042
  type: 'test'
  ...
# Subtest: an orphaned reclaimer cannot permanently wedge a pane lock
ok 283 - an orphaned reclaimer cannot permanently wedge a pane lock
  ---
  duration_ms: 13.430167
  type: 'test'
  ...
# Subtest: current and older-spelling rails are adopted, deduplicated, and never reopened from themselves
ok 284 - current and older-spelling rails are adopted, deduplicated, and never reopened from themselves
  ---
  duration_ms: 12.241458
  type: 'test'
  ...
# Subtest: toggle closes only the verified SideRail rail and clears its tab state
ok 285 - toggle closes only the verified SideRail rail and clears its tab state
  ---
  duration_ms: 8.986167
  type: 'test'
  ...
# Subtest: toggle opens a rail when the current tab has none
ok 286 - toggle opens a rail when the current tab has none
  ---
  duration_ms: 3.843917
  type: 'test'
  ...
# Subtest: automatic ensure uses a safe outer-right split without layout staging
ok 287 - automatic ensure uses a safe outer-right split without layout staging
  ---
  duration_ms: 7.581542
  type: 'test'
  ...
# Subtest: legacy rails are replaced at the right edge using the tab-focused source cwd
ok 288 - legacy rails are replaced at the right edge using the tab-focused source cwd
  ---
  duration_ms: 10.610708
  type: 'test'
  ...
# Subtest: legacy migration open failure retains the verified legacy rail
ok 289 - legacy migration open failure retains the verified legacy rail
  ---
  duration_ms: 6.758916
  type: 'test'
  ...
# Subtest: automatic ensure leaves a middle rail in place while manual opening relocates it
ok 290 - automatic ensure leaves a middle rail in place while manual opening relocates it
  ---
  duration_ms: 58.198917
  type: 'test'
  ...
# Subtest: rightmost placement is independent of pane listing order
ok 291 - rightmost placement is independent of pane listing order
  ---
  duration_ms: 0.116792
  type: 'test'
  ...
# Subtest: automatic ensure opens beside a top/bottom content layout
ok 292 - automatic ensure opens beside a top/bottom content layout
  ---
  duration_ms: 27.010333
  type: 'test'
  ...
# Subtest: manual open places a rail beside top/bottom content panes
ok 293 - manual open places a rail beside top/bottom content panes
  ---
  duration_ms: 18.509958
  type: 'test'
  ...
# Subtest: manual replace of an existing rail preserves stacked content
ok 294 - manual replace of an existing rail preserves stacked content
  ---
  duration_ms: 25.813041
  type: 'test'
  ...
# Subtest: nested rightmost column keeps its structure and terminals beside the new rail
ok 295 - nested rightmost column keeps its structure and terminals beside the new rail
  ---
  duration_ms: 21.640375
  type: 'test'
  ...
# Subtest: failed stacked open closes the newly created rail and restores content panes
ok 296 - failed stacked open closes the newly created rail and restores content panes
  ---
  duration_ms: 38.832625
  type: 'test'
  ...
# Subtest: failed replacement close restores the original stacked tab
ok 297 - failed replacement close restores the original stacked tab
  ---
  duration_ms: 20.823833
  type: 'test'
  ...
# Subtest: a killed opener leaves a durable staging record that the next ensure restores
ok 298 - a killed opener leaves a durable staging record that the next ensure restores
  ---
  duration_ms: 670.659708
  type: 'test'
  ...
# Subtest: staging recovery keeps its record when a terminal identity changed
ok 299 - staging recovery keeps its record when a terminal identity changed
  ---
  duration_ms: 24.686583
  type: 'test'
  ...
# Subtest: staging recovery completes a replacement whose old rail already closed
ok 300 - staging recovery completes a replacement whose old rail already closed
  ---
  duration_ms: 22.714125
  type: 'test'
  ...
# Subtest: manual replace retargets an existing rail while ensure adopts it
ok 301 - manual replace retargets an existing rail while ensure adopts it
  ---
  duration_ms: 12.529041
  type: 'test'
  ...
# Subtest: replacement open failure retains the existing verified rail
ok 302 - replacement open failure retains the existing verified rail
  ---
  duration_ms: 10.182834
  type: 'test'
  ...
# Subtest: replace compensates the new pane when the owned rail cannot close
ok 303 - replace compensates the new pane when the owned rail cannot close
  ---
  duration_ms: 10.407125
  type: 'test'
  ...
# Subtest: zoomed tabs are unzoomed for replacement and restored afterward
ok 304 - zoomed tabs are unzoomed for replacement and restored afterward
  ---
  duration_ms: 116.14775
  type: 'test'
  ...
# Subtest: SideRail Demo panes use entrypoint-specific identity instead of accumulating
ok 305 - SideRail Demo panes use entrypoint-specific identity instead of accumulating
  ---
  duration_ms: 12.63775
  type: 'test'
  ...
# Subtest: a SideRail Demo pane cannot become the main rail's content source
ok 306 - a SideRail Demo pane cannot become the main rail's content source
  ---
  duration_ms: 3.646333
  type: 'test'
  ...
# Subtest: a user pane renamed like SideRail is never treated as plugin-owned
ok 307 - a user pane renamed like SideRail is never treated as plugin-owned
  ---
  duration_ms: 3.957208
  type: 'test'
  ...
# Subtest: ownership inspection failure aborts instead of opening a duplicate rail
ok 308 - ownership inspection failure aborts instead of opening a duplicate rail
  ---
  duration_ms: 6.773417
  type: 'test'
  ...
# Subtest: an invalid plugin-open pane id is never moved into the target tab
ok 309 - an invalid plugin-open pane id is never moved into the target tab
  ---
  duration_ms: 6.544042
  type: 'test'
  ...
# Subtest: closed-tab cleanup removes state and orphan locks only for that tab
ok 310 - closed-tab cleanup removes state and orphan locks only for that tab
  ---
  duration_ms: 42.393833
  type: 'test'
  ...
# Subtest: verified orphan plugin panes fall back to generic close only for plugin_pane_not_found
ok 311 - verified orphan plugin panes fall back to generic close only for plugin_pane_not_found
  ---
  duration_ms: 1.600083
  type: 'test'
  ...
# Subtest: other plugin close failures never broaden into generic pane closure
ok 312 - other plugin close failures never broaden into generic pane closure
  ---
  duration_ms: 0.404083
  type: 'test'
  ...
# Subtest: requestHerdr sends NDJSON and returns the matching result
ok 313 - requestHerdr sends NDJSON and returns the matching result
  ---
  duration_ms: 10.215292
  type: 'test'
  ...
# Subtest: subscribeHerdr preserves pushed event order after its acknowledgement
ok 314 - subscribeHerdr preserves pushed event order after its acknowledgement
  ---
  duration_ms: 3.825625
  type: 'test'
  ...
# Subtest: event names normalize from emitted snake_case to subscription dot notation
ok 315 - event names normalize from emitted snake_case to subscription dot notation
  ---
  duration_ms: 0.107583
  type: 'test'
  ...
# Subtest: requestHerdr surfaces structured server errors
ok 316 - requestHerdr surfaces structured server errors
  ---
  duration_ms: 5.858292
  type: 'test'
  ...
# Subtest: a timed-out event wait does not consume the next event
ok 317 - a timed-out event wait does not consume the next event
  ---
  duration_ms: 12.70425
  type: 'test'
  ...
# Subtest: invalid and oversized response lines reject without crashing the process
    # Subtest: invalid JSON
    ok 1 - invalid JSON
      ---
      duration_ms: 1.743792
      type: 'test'
      ...
    # Subtest: oversized complete line
    ok 2 - oversized complete line
      ---
      duration_ms: 6.378833
      type: 'test'
      ...
    1..2
ok 318 - invalid and oversized response lines reject without crashing the process
  ---
  duration_ms: 8.379
  type: 'test'
  ...
# Subtest: Herdr accepts the generated binding and rejects it when the key is taken
ok 319 - Herdr accepts the generated binding and rejects it when the key is taken # SKIP
  ---
  duration_ms: 0.7265
  type: 'test'
  ...
# Subtest: setup declines an inline keys.command array that the generated entry would break
ok 320 - setup declines an inline keys.command array that the generated entry would break # SKIP
  ---
  duration_ms: 0.055209
  type: 'test'
  ...
# Subtest: a valid config that embeds the generated block in a string keeps it
ok 321 - a valid config that embeds the generated block in a string keeps it # SKIP
  ---
  duration_ms: 0.043542
  type: 'test'
  ...
# Subtest: a cmux Dock never inherits Herdr workspace, pane, or tab identity
ok 322 - a cmux Dock never inherits Herdr workspace, pane, or tab identity
  ---
  duration_ms: 1.513875
  type: 'test'
  ...
# Subtest: a cmux Dock without a project cwd falls back to its own directory, never a Herdr one
ok 323 - a cmux Dock without a project cwd falls back to its own directory, never a Herdr one
  ---
  duration_ms: 0.122875
  type: 'test'
  ...
# Subtest: a Herdr pane never inherits cmux Dock identity
ok 324 - a Herdr pane never inherits cmux Dock identity
  ---
  duration_ms: 0.098125
  type: 'test'
  ...
# Subtest: Herdr identity prefers explicit overrides, then plugin context, then ambient variables
ok 325 - Herdr identity prefers explicit overrides, then plugin context, then ambient variables
  ---
  duration_ms: 0.086417
  type: 'test'
  ...
# Subtest: an explicit repo root still overrides a cmux Dock project directory
ok 326 - an explicit repo root still overrides a cmux Dock project directory
  ---
  duration_ms: 0.049083
  type: 'test'
  ...
# Subtest: a malformed or non-object Herdr plugin context degrades to no context
ok 327 - a malformed or non-object Herdr plugin context degrades to no context
  ---
  duration_ms: 0.080459
  type: 'test'
  ...
# Subtest: blank and whitespace-only host variables are treated as absent
ok 328 - blank and whitespace-only host variables are treated as absent
  ---
  duration_ms: 0.052875
  type: 'test'
  ...
# Subtest: an unknown host is treated as Herdr rather than granting Dock identity
ok 329 - an unknown host is treated as Herdr rather than granting Dock identity
  ---
  duration_ms: 0.0495
  type: 'test'
  ...
# Subtest: package info comes from the install's own package.json
ok 330 - package info comes from the install's own package.json
  ---
  duration_ms: 2.167875
  type: 'test'
  ...
# Subtest: Herdr setup links once, is idempotent, and moves a stale local link
ok 331 - Herdr setup links once, is idempotent, and moves a stale local link
  ---
  duration_ms: 1.088916
  type: 'test'
  ...
# Subtest: Herdr setup refuses to replace a GitHub-managed install and rejects malformed listings
ok 332 - Herdr setup refuses to replace a GitHub-managed install and rejects malformed listings
  ---
  duration_ms: 0.348917
  type: 'test'
  ...
# Subtest: Herdr plugin lookup normalizes unexpected field types
ok 333 - Herdr plugin lookup normalizes unexpected field types
  ---
  duration_ms: 0.089667
  type: 'test'
  ...
# Subtest: Herdr ownership check only accepts a local link at this install
ok 334 - Herdr ownership check only accepts a local link at this install
  ---
  duration_ms: 0.181125
  type: 'test'
  ...
# Subtest: the Dock control quotes install paths for cmux's login shell
ok 335 - the Dock control quotes install paths for cmux's login shell
  ---
  duration_ms: 0.22075
  type: 'test'
  ...
# Subtest: the global Dock config lives under HOME
ok 336 - the global Dock config lives under HOME
  ---
  duration_ms: 0.084375
  type: 'test'
  ...
# Subtest: cmux setup creates, preserves, updates, and removes only its own control
ok 337 - cmux setup creates, preserves, updates, and removes only its own control
  ---
  duration_ms: 10.170375
  type: 'test'
  ...
# Subtest: cmux setup never overwrites an unrelated control or malformed config
ok 338 - cmux setup never overwrites an unrelated control or malformed config
  ---
  duration_ms: 6.000583
  type: 'test'
  ...
# Subtest: cmux config read errors other than a missing file surface
ok 339 - cmux config read errors other than a missing file surface
  ---
  duration_ms: 6.422291
  type: 'test'
  ...
# Subtest: only the exact generated command is recognized as a SideRail control
ok 340 - only the exact generated command is recognized as a SideRail control
  ---
  duration_ms: 8.03725
  type: 'test'
  ...
# Subtest: an install path containing a quote round-trips through setup and uninstall
ok 341 - an install path containing a quote round-trips through setup and uninstall
  ---
  duration_ms: 13.024542
  type: 'test'
  ...
# Subtest: a swapped install is reported only after its tree settles across two ticks
ok 342 - a swapped install is reported only after its tree settles across two ticks
  ---
  duration_ms: 19.7745
  type: 'test'
  ...
# Subtest: the cmux launch waits for its own bootstrap, not only the rail it imports
ok 343 - the cmux launch waits for its own bootstrap, not only the rail it imports
  ---
  duration_ms: 15.854875
  type: 'test'
  ...
# Subtest: an empty source tree or a directory in place of an entrypoint is not ready
ok 344 - an empty source tree or a directory in place of an entrypoint is not ready
  ---
  duration_ms: 23.282042
  type: 'test'
  ...
# Subtest: files changing inside a stable checkout never trigger a restart
ok 345 - files changing inside a stable checkout never trigger a restart
  ---
  duration_ms: 10.443334
  type: 'test'
  ...
# Subtest: a rail whose launcher died is reported orphaned instead of lingering
ok 346 - a rail whose launcher died is reported orphaned instead of lingering
  ---
  duration_ms: 12.836125
  type: 'test'
  ...
# Subtest: an explicit launch identity is the baseline, so an early swap is still detected
ok 347 - an explicit launch identity is the baseline, so an early swap is still detected
  ---
  duration_ms: 14.128167
  type: 'test'
  ...
# Subtest: launch entrypoints include the launched script inside the install and always the rail
ok 348 - launch entrypoints include the launched script inside the install and always the rail
  ---
  duration_ms: 0.862583
  type: 'test'
  ...
# Subtest: the launch context is captured from this package when the module loads
ok 349 - the launch context is captured from this package when the module loads
  ---
  duration_ms: 0.162541
  type: 'test'
  ...
# Subtest: the default timer is real and unreferenced
ok 350 - the default timer is real and unreferenced
  ---
  duration_ms: 9.2615
  type: 'test'
  ...
# Subtest: worktree presence validation checks only candidates and stops at its budget
ok 351 - worktree presence validation checks only candidates and stops at its budget
  ---
  duration_ms: 2.092041
  type: 'test'
  ...
# Subtest: fixture state is derived by the production provider
ok 352 - fixture state is derived by the production provider
  ---
  duration_ms: 1243.295125
  type: 'test'
  ...
# Subtest: linked worktrees report the common repository name separately from the branch
ok 353 - linked worktrees report the common repository name separately from the branch
  ---
  duration_ms: 635.000959
  type: 'test'
  ...
# Subtest: provider resolves branch Git config after explicit bases and validates it as a commit
ok 354 - provider resolves branch Git config after explicit bases and validates it as a commit
  ---
  duration_ms: 3687.251667
  type: 'test'
  ...
# Subtest: live branch switches reload configured bases and keep stale local main clean
ok 355 - live branch switches reload configured bases and keep stale local main clean
  ---
  duration_ms: 3697.32075
  type: 'test'
  ...
# Subtest: Files projection follows real committed, staged, unstaged, untracked, and recreated paths
ok 356 - Files projection follows real committed, staged, unstaged, untracked, and recreated paths
  ---
  duration_ms: 1889.429417
  type: 'test'
  ...
# Subtest: inspection leaves HEAD, refs, index, status, and worktree bytes unchanged
ok 357 - inspection leaves HEAD, refs, index, status, and worktree bytes unchanged
  ---
  duration_ms: 833.731916
  type: 'test'
  ...
# Subtest: refresh and commit details use one exact-copy diff scan per comparison
ok 358 - refresh and commit details use one exact-copy diff scan per comparison
  ---
  duration_ms: 692.398417
  type: 'test'
  ...
# Subtest: non-repository directories provide a bounded filesystem Files state
ok 359 - non-repository directories provide a bounded filesystem Files state
  ---
  duration_ms: 180.350458
  type: 'test'
  ...
# Subtest: configured bases must resolve to commits and never silently fall back
ok 360 - configured bases must resolve to commits and never silently fall back
  ---
  duration_ms: 605.175625
  type: 'test'
  ...
# Subtest: a configured base with unrelated history never masquerades as a merge base
ok 361 - a configured base with unrelated history never masquerades as a merge base
  ---
  duration_ms: 466.185875
  type: 'test'
  ...
# Subtest: invalid UTF-8 in display-only commit metadata does not hide repository state
ok 362 - invalid UTF-8 in display-only commit metadata does not hide repository state
  ---
  duration_ms: 681.449292
  type: 'test'
  ...
# Subtest: non-UTF-8 Git paths fail visibly instead of collapsing identities
ok 363 - non-UTF-8 Git paths fail visibly instead of collapsing identities # SKIP
  ---
  duration_ms: 0.0865
  type: 'test'
  ...
# Subtest: Against Raw uses the same merge base as its diff after branches diverge
ok 364 - Against Raw uses the same merge base as its diff after branches diverge
  ---
  duration_ms: 835.897
  type: 'test'
  ...
# Subtest: staged copy identity and colon-prefixed index paths remain exact
ok 365 - staged copy identity and colon-prefixed index paths remain exact
  ---
  duration_ms: 611.976458
  type: 'test'
  ...
# Subtest: exact-revision materialization preserves bounded binary bytes for viewers
ok 366 - exact-revision materialization preserves bounded binary bytes for viewers
  ---
  duration_ms: 141.801917
  type: 'test'
  ...
# Subtest: staged, unstaged, against, commit, untracked, and clean descriptors are independent
ok 367 - staged, unstaged, against, commit, untracked, and clean descriptors are independent
  ---
  duration_ms: 1008.79975
  type: 'test'
  ...
# Subtest: raw preview identifies revisions and rejects escaping symlinks
ok 368 - raw preview identifies revisions and rejects escaping symlinks
  ---
  duration_ms: 321.455666
  type: 'test'
  ...
# Subtest: missing worktree content never falls back unless the selected state is deleted
ok 369 - missing worktree content never falls back unless the selected state is deleted
  ---
  duration_ms: 179.777959
  type: 'test'
  ...
# Subtest: provider handles unborn and detached repositories plus unusual renamed paths
ok 370 - provider handles unborn and detached repositories plus unusual renamed paths
  ---
  duration_ms: 1521.2355
  type: 'test'
  ...
# Subtest: rename pathspecs preserve identity in every diff scope
ok 371 - rename pathspecs preserve identity in every diff scope
  ---
  duration_ms: 0.221916
  type: 'test'
  ...
# Subtest: rename and copy previews retain Git identity across against, workspace, commit, and staged views
ok 372 - rename and copy previews retain Git identity across against, workspace, commit, and staged views
  ---
  duration_ms: 917.032834
  type: 'test'
  ...
# Subtest: commit history and file details use one explicit first-parent comparison
ok 373 - commit history and file details use one explicit first-parent comparison
  ---
  duration_ms: 1162.401125
  type: 'test'
  ...
# Subtest: untracked text line counts match Git numstat semantics
ok 374 - untracked text line counts match Git numstat semantics
  ---
  duration_ms: 640.170667
  type: 'test'
  ...
# Subtest: untracked statistics stop at an aggregate inspection budget
ok 375 - untracked statistics stop at an aggregate inspection budget
  ---
  duration_ms: 627.895792
  type: 'test'
  ...
# Subtest: clean tracked files retain symlink and executable metadata
ok 376 - clean tracked files retain symlink and executable metadata
  ---
  duration_ms: 469.381459
  type: 'test'
  ...
# Subtest: unstaged type changes use worktree mode rather than index mode
ok 377 - unstaged type changes use worktree mode rather than index mode
  ---
  duration_ms: 436.283667
  type: 'test'
  ...
# Subtest: against-base model retains deletion, rename, copy, executable, and symlink metadata
ok 378 - against-base model retains deletion, rename, copy, executable, and symlink metadata
  ---
  duration_ms: 507.419667
  type: 'test'
  ...
# Subtest: unmerged porcelain state remains an explicit conflict in both scopes
ok 379 - unmerged porcelain state remains an explicit conflict in both scopes
  ---
  duration_ms: 637.560583
  type: 'test'
  ...
# Subtest: raw content limits fail safely before reading unbounded data
ok 380 - raw content limits fail safely before reading unbounded data
  ---
  duration_ms: 323.273667
  type: 'test'
  ...
# Subtest: historical and index blobs receive bounded binary and UTF-8 validation without fallback
ok 381 - historical and index blobs receive bounded binary and UTF-8 validation without fallback
  ---
  duration_ms: 908.828583
  type: 'test'
  ...
# Subtest: non-regular worktree entries are rejected without opening a blocking stream
ok 382 - non-regular worktree entries are rejected without opening a blocking stream
  ---
  duration_ms: 53.657125
  type: 'test'
  ...
# Subtest: commit history is bounded while retaining an exact total
ok 383 - commit history is bounded while retaining an exact total
  ---
  duration_ms: 10888.38275
  type: 'test'
  ...
# Subtest: submodule gitlinks remain first-class canonical metadata
ok 384 - submodule gitlinks remain first-class canonical metadata
  ---
  duration_ms: 1568.246416
  type: 'test'
  ...
# Subtest: selection follows the same path when a refresh changes its descriptor
ok 385 - selection follows the same path when a refresh changes its descriptor
  ---
  duration_ms: 0.832416
  type: 'test'
  ...
# Subtest: Files view combines base-branch diffs with grey unchanged files
ok 386 - Files view combines base-branch diffs with grey unchanged files
  ---
  duration_ms: 8.009291
  type: 'test'
  ...
# Subtest: Files view omits deleted paths but keeps files recreated at the same path
ok 387 - Files view omits deleted paths but keeps files recreated at the same path
  ---
  duration_ms: 0.144375
  type: 'test'
  ...
# Subtest: Files view omits deleted paths when no base comparison is available
ok 388 - Files view omits deleted paths when no base comparison is available
  ---
  duration_ms: 0.070833
  type: 'test'
  ...
# Subtest: Files view omits an indexed addition deleted before its first commit
ok 389 - Files view omits an indexed addition deleted before its first commit
  ---
  duration_ms: 0.061875
  type: 'test'
  ...
# Subtest: canonical clean files preserve tracked mode metadata
ok 390 - canonical clean files preserve tracked mode metadata
  ---
  duration_ms: 0.11225
  type: 'test'
  ...
# Subtest: manifest routes every runtime entrypoint through an absolute shell and launcher
ok 391 - manifest routes every runtime entrypoint through an absolute shell and launcher
  ---
  duration_ms: 3.146584
  type: 'test'
  ...
# Subtest: launcher accepts an absolute Node executable whose path contains spaces
ok 392 - launcher accepts an absolute Node executable whose path contains spaces
  ---
  duration_ms: 130.302541
  type: 'test'
  ...
# Subtest: cmux bootstrap preserves an explicit Node executable through a restricted Dock PATH
ok 393 - cmux bootstrap preserves an explicit Node executable through a restricted Dock PATH
  ---
  duration_ms: 143.519583
  type: 'test'
  ...
# Subtest: direct cmux bootstrap enters a login shell after SideRail exits
ok 394 - direct cmux bootstrap enters a login shell after SideRail exits
  ---
  duration_ms: 402.268791
  type: 'test'
  ...
# Subtest: launcher rejects missing and unsupported Node before running the target
ok 395 - launcher rejects missing and unsupported Node before running the target
  ---
  duration_ms: 169.989125
  type: 'test'
  ...
# Subtest: in-process Node version guard rejects unsupported majors
ok 396 - in-process Node version guard rejects unsupported majors
  ---
  duration_ms: 0.165792
  type: 'test'
  ...
# Subtest: launcher reruns a rail from its launch directory after an install-swap restart
ok 397 - launcher reruns a rail from its launch directory after an install-swap restart
  ---
  duration_ms: 199.261125
  type: 'test'
  ...
# Subtest: a restart that fails while the new install settles is retried until it starts
ok 398 - a restart that fails while the new install settles is retried until it starts
  ---
  duration_ms: 2344.036458
  type: 'test'
  ...
# Subtest: a restart that keeps failing stops after five restarted launches with its own status
ok 399 - a restart that keeps failing stops after five restarted launches with its own status
  ---
  duration_ms: 4467.964917
  type: 'test'
  ...
# Subtest: a first-run failure and a signal after a restart are never retried
ok 400 - a first-run failure and a signal after a restart are never retried
  ---
  duration_ms: 329.18475
  type: 'test'
  ...
# Subtest: launcher does not rerun non-rail entrypoints that exit with the restart status
ok 401 - launcher does not rerun non-rail entrypoints that exit with the restart status
  ---
  duration_ms: 129.914708
  type: 'test'
  ...
# Subtest: preview state is scoped by workspace, source tab, and entrypoint
ok 402 - preview state is scoped by workspace, source tab, and entrypoint
  ---
  duration_ms: 4.513042
  type: 'test'
  ...
# Subtest: opening a preview records it, renames its tab, and closes only a verified stale preview
ok 403 - opening a preview records it, renames its tab, and closes only a verified stale preview
  ---
  duration_ms: 4.80475
  type: 'test'
  ...
# Subtest: reused user pane id is never closed from stale preview state
ok 404 - reused user pane id is never closed from stale preview state
  ---
  duration_ms: 2.577083
  type: 'test'
  ...
# Subtest: wrong workspace is never closed from stale preview state
ok 405 - wrong workspace is never closed from stale preview state
  ---
  duration_ms: 2.420042
  type: 'test'
  ...
# Subtest: unrelated process is never closed from stale preview state
ok 406 - unrelated process is never closed from stale preview state
  ---
  duration_ms: 2.57025
  type: 'test'
  ...
# Subtest: same-named script from another checkout is never closed from stale preview state
ok 407 - same-named script from another checkout is never closed from stale preview state
  ---
  duration_ms: 1.886708
  type: 'test'
  ...
# Subtest: inspection failure leaves the old pane open without hiding the successful new preview
ok 408 - inspection failure leaves the old pane open without hiding the successful new preview
  ---
  duration_ms: 1.92775
  type: 'test'
  ...
# Subtest: malformed open response does not overwrite existing preview ownership
ok 409 - malformed open response does not overwrite existing preview ownership
  ---
  duration_ms: 1.807125
  type: 'test'
  ...
# Subtest: missing stale panes are discarded without a destructive close
ok 410 - missing stale panes are discarded without a destructive close
  ---
  duration_ms: 1.934042
  type: 'test'
  ...
# Subtest: open failure preserves stale ownership and rename failure is only a warning
ok 411 - open failure preserves stale ownership and rename failure is only a warning
  ---
  duration_ms: 3.244666
  type: 'test'
  ...
# Subtest: post-open state failure closes the new pane and preserves old ownership
ok 412 - post-open state failure closes the new pane and preserves old ownership
  ---
  duration_ms: 2.052542
  type: 'test'
  ...
# Subtest: post-open state failure never closes a foreign pane from a malformed open response
ok 413 - post-open state failure never closes a foreign pane from a malformed open response
  ---
  duration_ms: 1.903792
  type: 'test'
  ...
# Subtest: an unwritable preview state root fails inside the guarded lifecycle before opening a pane
ok 414 - an unwritable preview state root fails inside the guarded lifecycle before opening a pane
  ---
  duration_ms: 0.962834
  type: 'test'
  ...
# Subtest: preview search normalizes content once and narrows prior candidates
ok 415 - preview search normalizes content once and narrows prior candidates
  ---
  duration_ms: 1.716542
  type: 'test'
  ...
# Subtest: cached search results retain display columns without another position pass
ok 416 - cached search results retain display columns without another position pass
  ---
  duration_ms: 0.325416
  type: 'test'
  ...
# Subtest: preview search restores cached prefixes, handles Unicode, and resets by content
ok 417 - preview search restores cached prefixes, handles Unicode, and resets by content
  ---
  duration_ms: 0.123042
  type: 'test'
  ...
# Subtest: preview search bounds query and retained candidate memory
ok 418 - preview search bounds query and retained candidate memory
  ---
  duration_ms: 979.758375
  type: 'test'
  ...
# Subtest: Git status never refreshes the index even when caller options enable optional locks
ok 419 - Git status never refreshes the index even when caller options enable optional locks
  ---
  duration_ms: 88.069791
  type: 'test'
  ...
# Subtest: concurrent Git process contexts keep config and index environments isolated
ok 420 - concurrent Git process contexts keep config and index environments isolated
  ---
  duration_ms: 58.186292
  type: 'test'
  ...
# Subtest: process stdout remains text by default and can preserve exact bytes
ok 421 - process stdout remains text by default and can preserve exact bytes
  ---
  duration_ms: 119.369042
  type: 'test'
  ...
# Subtest: strict process decoding rejects invalid UTF-8 instead of merging byte identities
ok 422 - strict process decoding rejects invalid UTF-8 instead of merging byte identities
  ---
  duration_ms: 59.168083
  type: 'test'
  ...
# Subtest: process input can be supplied as exact bytes
ok 423 - process input can be supplied as exact bytes
  ---
  duration_ms: 60.740292
  type: 'test'
  ...
# Subtest: timeouts settle without waiting for descendants that inherited output pipes
ok 424 - timeouts settle without waiting for descendants that inherited output pipes
  ---
  duration_ms: 51.53625
  type: 'test'
  ...
# Subtest: timeouts terminate descendants in the command process group
ok 425 - timeouts terminate descendants in the command process group
  ---
  duration_ms: 554.419125
  type: 'test'
  ...
# Subtest: abort signals terminate and await the command process group
ok 426 - abort signals terminate and await the command process group
  ---
  duration_ms: 554.096375
  type: 'test'
  ...
# Subtest: hidden rails retain new snapshots without redraw; showing uses cached state without Git
ok 427 - hidden rails retain new snapshots without redraw; showing uses cached state without Git
  ---
  duration_ms: 1.221334
  type: 'test'
  ...
# Subtest: context switches drop late results and no-content state releases the subscription
ok 428 - context switches drop late results and no-content state releases the subscription
  ---
  duration_ms: 0.876625
  type: 'test'
  ...
# Subtest: visible age timer is local only and hidden/closed rails cancel it
ok 429 - visible age timer is local only and hidden/closed rails cancel it
  ---
  duration_ms: 0.159
  type: 'test'
  ...
# Subtest: startup failure is visible and closing a pending subscription discards completion
ok 430 - startup failure is visible and closing a pending subscription discards completion
  ---
  duration_ms: 0.129917
  type: 'test'
  ...
# Subtest: commit ages advance from absolute author times without another provider read
ok 431 - commit ages advance from absolute author times without another provider read
  ---
  duration_ms: 0.260667
  type: 'test'
  ...
# Subtest: optional UI hooks can be omitted without breaking the subscription lifecycle
ok 432 - optional UI hooks can be omitted without breaking the subscription lifecycle
  ---
  duration_ms: 0.349459
  type: 'test'
  ...
# Subtest: sibling worktrees share the workspace's repository, main checkout first
ok 433 - sibling worktrees share the workspace's repository, main checkout first
  ---
  duration_ms: 4.046125
  type: 'test'
  ...
# Subtest: a worktree resolves by label, workspace id, or checkout path
ok 434 - a worktree resolves by label, workspace id, or checkout path
  ---
  duration_ms: 1.987667
  type: 'test'
  ...
# Subtest: a pinned target replaces the followed cwd until its checkout disappears
ok 435 - a pinned target replaces the followed cwd until its checkout disappears
  ---
  duration_ms: 0.172834
  type: 'test'
  ...
# Subtest: target files round-trip per tab and are removed with their tab or workspace
ok 436 - target files round-trip per tab and are removed with their tab or workspace
  ---
  duration_ms: 6.635167
  type: 'test'
  ...
# Subtest: a rail sees its target file written and removed
ok 437 - a rail sees its target file written and removed
  ---
  duration_ms: 61.278625
  type: 'test'
  ...
# Subtest: a pane's checkout is its root and branch, or says why it is unknown
ok 438 - a pane's checkout is its root and branch, or says why it is unknown
  ---
  duration_ms: 1.472375
  type: 'test'
  ...
# Subtest: checkouts compare by real path, not spelling
ok 439 - checkouts compare by real path, not spelling
  ---
  duration_ms: 0.91275
  type: 'test'
  ...
# Subtest: dirty bursts coalesce and retain the two-second start cadence
ok 440 - dirty bursts coalesce and retain the two-second start cadence
  ---
  duration_ms: 2.295333
  type: 'test'
  ...
# Subtest: a dirty event during a read queues exactly one throttled follow-up
ok 441 - a dirty event during a read queues exactly one throttled follow-up
  ---
  duration_ms: 0.424208
  type: 'test'
  ...
# Subtest: a manual request during a read receives one immediate follow-up
ok 442 - a manual request during a read receives one immediate follow-up
  ---
  duration_ms: 0.201375
  type: 'test'
  ...
# Subtest: a due reconciliation covers an already pending dirty event without another read
ok 443 - a due reconciliation covers an already pending dirty event without another read
  ---
  duration_ms: 0.285625
  type: 'test'
  ...
# Subtest: healthy reconciliation and degraded fallback honor maximum jitter bounds
ok 444 - healthy reconciliation and degraded fallback honor maximum jitter bounds
  ---
  duration_ms: 0.403416
  type: 'test'
  ...
# Subtest: runtime interval updates reschedule only when a value changes
ok 445 - runtime interval updates reschedule only when a value changes
  ---
  duration_ms: 0.214125
  type: 'test'
  ...
# Subtest: provider failure retains bounded retry and close aborts owned work
ok 446 - provider failure retains bounded retry and close aborts owned work
  ---
  duration_ms: 0.605333
  type: 'test'
  ...
# Subtest: a 200,000-event dirty burst retains one deferred, deadline, timer and status update
ok 447 - a 200,000-event dirty burst retains one deferred, deadline, timer and status update
  ---
  duration_ms: 18.531791
  type: 'test'
  ...
# Subtest: a large mid-read burst captures a newer generation and settles against the follow-up, never the active dirty read
ok 448 - a large mid-read burst captures a newer generation and settles against the follow-up, never the active dirty read
  ---
  duration_ms: 12.800708
  type: 'test'
  ...
# Subtest: coalesced dirty callers share rejection on provider failure and pending close
ok 449 - coalesced dirty callers share rejection on provider failure and pending close
  ---
  duration_ms: 0.239458
  type: 'test'
  ...
# Subtest: archive member verification rejects local-only and removed artifacts
ok 450 - archive member verification rejects local-only and removed artifacts
  ---
  duration_ms: 1.056709
  type: 'test'
  ...
# Subtest: release evidence binds nine hashed local logs to one candidate
ok 451 - release evidence binds nine hashed local logs to one candidate
  ---
  duration_ms: 14.616834
  type: 'test'
  ...
# Subtest: sealing replaces the operator's home directory in bundled logs
ok 452 - sealing replaces the operator's home directory in bundled logs
  ---
  duration_ms: 10.222958
  type: 'test'
  ...
# Subtest: release evidence rejects failed, stale, mismatched, and malformed local records
ok 453 - release evidence rejects failed, stale, mismatched, and malformed local records
  ---
  duration_ms: 9.91925
  type: 'test'
  ...
# Subtest: repository client stamps immutable tokens and drops closed-context deliveries
ok 454 - repository client stamps immutable tokens and drops closed-context deliveries
  ---
  duration_ms: 1.422541
  type: 'test'
  ...
# Subtest: in-process subscription preserves one engine owner and closes it only when requested
ok 455 - in-process subscription preserves one engine owner and closes it only when requested
  ---
  duration_ms: 2.103667
  type: 'test'
  ...
# Subtest: client close invalidates a subscription whose ready result arrives later
ok 456 - client close invalidates a subscription whose ready result arrives later
  ---
  duration_ms: 1.081375
  type: 'test'
  ...
# Subtest: real ignored noise and a sibling index do not rebuild the primary worktree
ok 457 - real ignored noise and a sibling index do not rebuild the primary worktree
  ---
  duration_ms: 2828.584792
  type: 'test'
  ...
# Subtest: real worktree, index, ref, and configuration mutations match the full provider oracle
ok 458 - real worktree, index, ref, and configuration mutations match the full provider oracle
  ---
  duration_ms: 17131.464583
  type: 'test'
  ...
# Subtest: real merge, rebase, cherry-pick, revert, bisect, and sibling-ref transitions stay on the oracle
ok 459 - real merge, rebase, cherry-pick, revert, bisect, and sibling-ref transitions stay on the oracle
  ---
  duration_ms: 10737.935833
  type: 'test'
  ...
# Subtest: quiet reads preserve index bytes and reconciliation repairs failed or replaced watch roots
ok 460 - quiet reads preserve index bytes and reconciliation repairs failed or replaced watch roots
  ---
  duration_ms: 835.49475
  type: 'test'
  ...
# Subtest: an unborn repository becomes a committed repository through native invalidation
ok 461 - an unborn repository becomes a committed repository through native invalidation
  ---
  duration_ms: 1443.191584
  type: 'test'
  ...
# Subtest: a missing-object provider error retains state and bounded fallback recovers it
ok 462 - a missing-object provider error retains state and bounded fallback recovers it
  ---
  duration_ms: 2348.460625
  type: 'test'
  ...
# Subtest: reconciliation repairs a silently lost event and a replaced real watch root
ok 463 - reconciliation repairs a silently lost event and a replaced real watch root
  ---
  duration_ms: 3658.864042
  type: 'test'
  ...
# Subtest: an eligible native event meets the production 125 ms / 2 second latency contract
ok 464 - an eligible native event meets the production 125 ms / 2 second latency contract
  ---
  duration_ms: 3156.308875
  type: 'test'
  ...
# Subtest: repository engine owns startup, subscriptions, manual refresh, and watcher snapshots
ok 465 - repository engine owns startup, subscriptions, manual refresh, and watcher snapshots
  ---
  duration_ms: 3.248667
  type: 'test'
  ...
# Subtest: watcher-reported degraded health is preserved and reconciliation checks roots first
ok 466 - watcher-reported degraded health is preserved and reconciliation checks roots first
  ---
  duration_ms: 1.271417
  type: 'test'
  ...
# Subtest: refresh failure retains the last snapshot and later success clears the error
ok 467 - refresh failure retains the last snapshot and later success clears the error
  ---
  duration_ms: 0.84075
  type: 'test'
  ...
# Subtest: provider config changes update the engine reconciliation interval
ok 468 - provider config changes update the engine reconciliation interval
  ---
  duration_ms: 0.383375
  type: 'test'
  ...
# Subtest: watch invalidation refreshes once and a watcher update failure degrades the delivery
ok 469 - watch invalidation refreshes once and a watcher update failure degrades the delivery
  ---
  duration_ms: 0.365417
  type: 'test'
  ...
# Subtest: watch factory failure degrades state and an initial provider failure rejects ready
ok 470 - watch factory failure degrades state and an initial provider failure rejects ready
  ---
  duration_ms: 0.332292
  type: 'test'
  ...
# Subtest: late subscribers replay current state and close disposes a watcher still starting
ok 471 - late subscribers replay current state and close disposes a watcher still starting
  ---
  duration_ms: 0.565708
  type: 'test'
  ...
# Subtest: opt-in engine evidence counts provider builds without logging context paths
ok 472 - opt-in engine evidence counts provider builds without logging context paths
  ---
  duration_ms: 7.469167
  type: 'test'
  ...
# Subtest: real provider engines keep simultaneous alternate-index environments isolated
ok 473 - real provider engines keep simultaneous alternate-index environments isolated
  ---
  duration_ms: 301.895375
  type: 'test'
  ...
# Subtest: watcher bursts attach one rejection handler per dirty batch, including an active-read follow-up
ok 474 - watcher bursts attach one rejection handler per dirty batch, including an active-read follow-up
  ---
  duration_ms: 118.731834
  type: 'test'
  ...
# Subtest: release screenshots have the declared dimensions and resolvable source commits
ok 475 - release screenshots have the declared dimensions and resolvable source commits
  ---
  duration_ms: 3.74775
  type: 'test'
  ...
# Subtest: state mode is explicit and rejects unknown rollback values
ok 476 - state mode is explicit and rejects unknown rollback values
  ---
  duration_ms: 0.994875
  type: 'test'
  ...
# Subtest: only typed identity and snapshot-size failures select explicit fallback
ok 477 - only typed identity and snapshot-size failures select explicit fallback
  ---
  duration_ms: 0.150709
  type: 'test'
  ...
# Subtest: namespace semantics follow immutable environment overrides, not mutable config contents
ok 478 - namespace semantics follow immutable environment overrides, not mutable config contents
  ---
  duration_ms: 0.575708
  type: 'test'
  ...
# Subtest: delivery localization preserves provider errors and never mutates a shared snapshot
ok 479 - delivery localization preserves provider errors and never mutates a shared snapshot
  ---
  duration_ms: 0.782417
  type: 'test'
  ...
# Subtest: bootstrap stays dormant and exposes repository and host subscription seams
ok 480 - bootstrap stays dormant and exposes repository and host subscription seams
  ---
  duration_ms: 1.328375
  type: 'test'
  ...
# Subtest: local config is reloaded for every shared delivery
ok 481 - local config is reloaded for every shared delivery
  ---
  duration_ms: 0.38275
  type: 'test'
  ...
# Subtest: different immutable semantics cannot borrow the first runtime
ok 482 - different immutable semantics cannot borrow the first runtime
  ---
  duration_ms: 0.226125
  type: 'test'
  ...
# Subtest: typed identity failure switches one subscription to explicit in-process fallback
ok 483 - typed identity failure switches one subscription to explicit in-process fallback
  ---
  duration_ms: 0.519458
  type: 'test'
  ...
# Subtest: post-initial oversize signal switches automatically and ignores the old epoch
ok 484 - post-initial oversize signal switches automatically and ignores the old epoch
  ---
  duration_ms: 3.980458
  type: 'test'
  ...
# Subtest: normal shared connection errors remain visible and do not silently fall back
ok 485 - normal shared connection errors remain visible and do not silently fall back
  ---
  duration_ms: 0.308208
  type: 'test'
  ...
# Subtest: close does not wait on a blocked ready or unbounded remote close
ok 486 - close does not wait on a blocked ready or unbounded remote close
  ---
  duration_ms: 11.846125
  type: 'test'
  ...
# Subtest: switching context closes the old subscription before opening the next
ok 487 - switching context closes the old subscription before opening the next
  ---
  duration_ms: 0.380791
  type: 'test'
  ...
# Subtest: explicit in-process mode is selected before shared runtime construction
ok 488 - explicit in-process mode is selected before shared runtime construction
  ---
  duration_ms: 0.086709
  type: 'test'
  ...
# Subtest: real facade and daemon derive one namespace and deliver repository state
ok 489 - real facade and daemon derive one namespace and deliver repository state
  ---
  duration_ms: 1720.67325
  type: 'test'
  ...
# Subtest: real in-process fallback remains refreshable and closes its engine
ok 490 - real in-process fallback remains refreshable and closes its engine
  ---
  duration_ms: 159.849667
  type: 'test'
  ...
# Subtest: manual refresh switches on a typed size failure but preserves ordinary errors
ok 491 - manual refresh switches on a typed size failure but preserves ordinary errors
  ---
  duration_ms: 0.730667
  type: 'test'
  ...
# Subtest: facade rejects malformed identities and invalid subscription contracts
ok 492 - facade rejects malformed identities and invalid subscription contracts
  ---
  duration_ms: 0.323458
  type: 'test'
  ...
# Subtest: a wide-ambiguous terminal keeps every row inside the rail width
ok 493 - a wide-ambiguous terminal keeps every row inside the rail width
  ---
  duration_ms: 1227.229708
  type: 'test'
  ...
# Subtest: demo snapshot is coherent at 25 columns
ok 494 - demo snapshot is coherent at 25 columns
  ---
  duration_ms: 585.828667
  type: 'test'
  ...
# Subtest: demo snapshot is coherent at 36 columns
ok 495 - demo snapshot is coherent at 36 columns
  ---
  duration_ms: 655.424584
  type: 'test'
  ...
# Subtest: demo snapshot is coherent at 52 columns
ok 496 - demo snapshot is coherent at 52 columns
  ---
  duration_ms: 564.091625
  type: 'test'
  ...
# Subtest: demo snapshot is coherent at 100 columns
ok 497 - demo snapshot is coherent at 100 columns
  ---
  duration_ms: 536.59375
  type: 'test'
  ...
# Subtest: demo snapshot ignores ambient user configuration and SideRail overrides
ok 498 - demo snapshot ignores ambient user configuration and SideRail overrides
  ---
  duration_ms: 574.690917
  type: 'test'
  ...
# Subtest: Files view starts with folders collapsed at 25 columns
ok 499 - Files view starts with folders collapsed at 25 columns
  ---
  duration_ms: 543.1525
  type: 'test'
  ...
# Subtest: Files view starts with folders collapsed at 100 columns
ok 500 - Files view starts with folders collapsed at 100 columns
  ---
  duration_ms: 603.142958
  type: 'test'
  ...
# Subtest: production Files repaint materializes only the 20k-path viewport
ok 501 - production Files repaint materializes only the 20k-path viewport
  ---
  duration_ms: 2401.467125
  type: 'test'
  ...
# Subtest: Files search expands matching paths from collapsed folders for keyboard access
ok 502 - Files search expands matching paths from collapsed folders for keyboard access
  ---
  duration_ms: 788.454792
  type: 'test'
  ...
# Subtest: a selected folder row is legible instead of muted against the selection
ok 503 - a selected folder row is legible instead of muted against the selection
  ---
  duration_ms: 688.89025
  type: 'test'
  ...
# Subtest: keyboard navigation expands an initially collapsed Files folder
ok 504 - keyboard navigation expands an initially collapsed Files folder
  ---
  duration_ms: 717.581292
  type: 'test'
  ...
# Subtest: Changes search includes commit history summaries
ok 505 - Changes search includes commit history summaries
  ---
  duration_ms: 1028.607084
  type: 'test'
  ...
# Subtest: commit-history search filters expanded commit children
ok 506 - commit-history search filters expanded commit children
  ---
  duration_ms: 1033.117292
  type: 'test'
  ...
# Subtest: loaded commit search rows replace preview glyphs with real status and stats
ok 507 - loaded commit search rows replace preview glyphs with real status and stats
  ---
  duration_ms: 863.861208
  type: 'test'
  ...
# Subtest: Changes and Files default to Tree at narrow and wide widths
ok 508 - Changes and Files default to Tree at narrow and wide widths
  ---
  duration_ms: 3869.48725
  type: 'test'
  ...
# Subtest: Tree and Folders layouts render identical file status and stats
ok 509 - Tree and Folders layouts render identical file status and stats
  ---
  duration_ms: 1746.942083
  type: 'test'
  ...
# Subtest: rendered status matrix includes Git glyphs, numeric stats, and binary labels
ok 510 - rendered status matrix includes Git glyphs, numeric stats, and binary labels
  ---
  duration_ms: 1198.633208
  type: 'test'
  ...
# Subtest: conflicted files render their dedicated on-screen glyph
ok 511 - conflicted files render their dedicated on-screen glyph
  ---
  duration_ms: 861.682041
  type: 'test'
  ...
# Subtest: large repositories fully render Changes and Files without continuation controls
ok 512 - large repositories fully render Changes and Files without continuation controls
  ---
  duration_ms: 1469.100333
  type: 'test'
  ...
# Subtest: Files render includes current untracked paths and excludes every deleted path
ok 513 - Files render includes current untracked paths and excludes every deleted path
  ---
  duration_ms: 899.838834
  type: 'test'
  ...
# Subtest: sidebar rows stay within terminal width for wide filenames
ok 514 - sidebar rows stay within terminal width for wide filenames
  ---
  duration_ms: 608.403209
  type: 'test'
  ...
# Subtest: clean Changes view states that the worktree is clean
ok 515 - clean Changes view states that the worktree is clean
  ---
  duration_ms: 778.606375
  type: 'test'
  ...
# Subtest: non-repository Files stays browsable with one neutral file icon
ok 516 - non-repository Files stays browsable with one neutral file icon
  ---
  duration_ms: 552.118625
  type: 'test'
  ...
# Subtest: keyboard can expand a commit-summary search result
ok 517 - keyboard can expand a commit-summary search result
  ---
  duration_ms: 1042.122917
  type: 'test'
  ...
# Subtest: help overlay explains keys and icons, scrolls, and returns to a highlighted selection
ok 518 - help overlay explains keys and icons, scrolls, and returns to a highlighted selection
  ---
  duration_ms: 1202.183125
  type: 'test'
  ...
# Subtest: Escape clears a keyboard selection before a second press closes the rail
ok 519 - Escape clears a keyboard selection before a second press closes the rail
  ---
  duration_ms: 853.105459
  type: 'test'
  ...
# Subtest: fatal rail errors restore terminal modes before exiting nonzero
ok 520 - fatal rail errors restore terminal modes before exiting nonzero
  ---
  duration_ms: 751.146042
  type: 'test'
  ...
# Subtest: selection survives edit, stage, and commit refreshes while Files drops a later deletion
ok 521 - selection survives edit, stage, and commit refreshes while Files drops a later deletion
  ---
  duration_ms: 6447.392041
  type: 'test'
  ...
# Subtest: the live rail clears main history when branches change
ok 522 - the live rail clears main history when branches change
  ---
  duration_ms: 4851.192666
  type: 'test'
  ...
# Subtest: terminal editor return and manual reload both re-read preview content
ok 523 - terminal editor return and manual reload both re-read preview content
  ---
  duration_ms: 333.53975
  type: 'test'
  ...
# Subtest: preview processes coalesced search input, advances matches, and exposes horizontal navigation
ok 524 - preview processes coalesced search input, advances matches, and exposes horizontal navigation
  ---
  duration_ms: 246.751167
  type: 'test'
  ...
# Subtest: preview applies a search submitted before its content finishes loading
ok 525 - preview applies a search submitted before its content finishes loading
  ---
  duration_ms: 219.888625
  type: 'test'
  ...
# Subtest: embedded Markdown rendering stays inside the pageable preview viewport
ok 526 - embedded Markdown rendering stays inside the pageable preview viewport
  ---
  duration_ms: 423.10825
  type: 'test'
  ...
# Subtest: embedded resize after a completed search preserves the viewport and view label
ok 527 - embedded resize after a completed search preserves the viewport and view label
  ---
  duration_ms: 556.66225
  type: 'test'
  ...
# Subtest: a hostile repository config cannot auto-launch a preview executable
ok 528 - a hostile repository config cannot auto-launch a preview executable
  ---
  duration_ms: 128.889458
  type: 'test'
  ...
# Subtest: embedded Glow renders the selected Markdown bytes through stdin
ok 529 - embedded Glow renders the selected Markdown bytes through stdin
  ---
  duration_ms: 403.848791
  type: 'test'
  ...
# Subtest: a configured Markdown action auto-opens embedded Glow and action 3 renders it again
ok 530 - a configured Markdown action auto-opens embedded Glow and action 3 renders it again
  ---
  duration_ms: 354.597
  type: 'test'
  ...
# Subtest: preview reports repaint latency for a large allowed line count
ok 531 - preview reports repaint latency for a large allowed line count
  ---
  duration_ms: 2073.951792
  type: 'test'
  ...
# 75,000-line preview repaint: 19ms
# Subtest: preview avoids wrapped-row amplification for a pathological single line
ok 532 - preview avoids wrapped-row amplification for a pathological single line
  ---
  duration_ms: 223.3035
  type: 'test'
  ...
# Subtest: preview rejects pathological line counts before rendered-memory amplification
ok 533 - preview rejects pathological line counts before rendered-memory amplification
  ---
  duration_ms: 379.526958
  type: 'test'
  ...
# Subtest: one shared worker retains then removes many owner-only preview directories
ok 534 - one shared worker retains then removes many owner-only preview directories
  ---
  duration_ms: 1102.151209
  type: 'test'
  ...
# Subtest: shared cleanup refuses arbitrary temporary directories
ok 535 - shared cleanup refuses arbitrary temporary directories
  ---
  duration_ms: 8.047833
  type: 'test'
  ...
# Subtest: cleanup-worker spawn errors are contained and reported
ok 536 - cleanup-worker spawn errors are contained and reported
  ---
  duration_ms: 11.49
  type: 'test'
  ...
# Subtest: the shared worker directly expires markers and releases its ownership lock
ok 537 - the shared worker directly expires markers and releases its ownership lock
  ---
  duration_ms: 33.550792
  type: 'test'
  ...
# Subtest: Files notices disclose independent scan and presence truncation
ok 538 - Files notices disclose independent scan and presence truncation
  ---
  duration_ms: 4.100292
  type: 'test'
  ...
# Subtest: cmux file clicks open one native preview while Herdr keeps double-click open
ok 539 - cmux file clicks open one native preview while Herdr keeps double-click open
  ---
  duration_ms: 0.246417
  type: 'test'
  ...
# Subtest: selection reconciliation preserves errors and active transient status
ok 540 - selection reconciliation preserves errors and active transient status
  ---
  duration_ms: 0.087459
  type: 'test'
  ...
# Subtest: terminal text blocks OSC52 and every terminal control family
ok 541 - terminal text blocks OSC52 and every terminal control family
  ---
  duration_ms: 0.269041
  type: 'test'
  ...
# Subtest: clean Files metadata opens Raw even with a workspace descriptor
ok 542 - clean Files metadata opens Raw even with a workspace descriptor
  ---
  duration_ms: 0.060458
  type: 'test'
  ...
# Subtest: successful asynchronous actions restore the pre-busy status
ok 543 - successful asynchronous actions restore the pre-busy status
  ---
  duration_ms: 0.048416
  type: 'test'
  ...
# Subtest: commit preview context distinguishes first-parent and root comparisons
ok 544 - commit preview context distinguishes first-parent and root comparisons
  ---
  duration_ms: 0.054584
  type: 'test'
  ...
# Subtest: preview tab names use a safe capped basename
ok 545 - preview tab names use a safe capped basename
  ---
  duration_ms: 0.563083
  type: 'test'
  ...
# Subtest: ambiguous-width characters follow the configured terminal setting
ok 546 - ambiguous-width characters follow the configured terminal setting
  ---
  duration_ms: 0.193208
  type: 'test'
  ...
# Subtest: terminal layout helpers measure, truncate, pad, and compact by display columns
ok 547 - terminal layout helpers measure, truncate, pad, and compact by display columns
  ---
  duration_ms: 0.3885
  type: 'test'
  ...
# Subtest: preview wrapping preserves gutters, ANSI styles, Unicode width, and source rows
ok 548 - preview wrapping preserves gutters, ANSI styles, Unicode width, and source rows
  ---
  duration_ms: 0.605875
  type: 'test'
  ...
# Subtest: embedded renderer output keeps only SGR styling
ok 549 - embedded renderer output keeps only SGR styling
  ---
  duration_ms: 0.102667
  type: 'test'
  ...
# Subtest: terminal input decoder preserves ordered coalesced keyboard, CSI, and mouse events
ok 550 - terminal input decoder preserves ordered coalesced keyboard, CSI, and mouse events
  ---
  duration_ms: 10.955959
  type: 'test'
  ...
# Subtest: pointer clicks recognize a cmux-paced double click and reset after opening
ok 551 - pointer clicks recognize a cmux-paced double click and reset after opening
  ---
  duration_ms: 0.140083
  type: 'test'
  ...
# Subtest: an intervening non-file click cancels a pending file double click
ok 552 - an intervening non-file click cancels a pending file double click
  ---
  duration_ms: 0.092667
  type: 'test'
  ...
# Subtest: an intervening blank click cancels a pending file double click
ok 553 - an intervening blank click cancels a pending file double click
  ---
  duration_ms: 0.064042
  type: 'test'
  ...
# Subtest: wheel and keyboard input cancel a pending file double click without treating mouse release as input
ok 554 - wheel and keyboard input cancel a pending file double click without treating mouse release as input
  ---
  duration_ms: 0.078291
  type: 'test'
  ...
# Subtest: summary-only commit matches can expand to meaningful file content
ok 555 - summary-only commit matches can expand to meaningful file content
  ---
  duration_ms: 0.078958
  type: 'test'
  ...
# Subtest: poll timers reject corrupted intervals independently of configuration
ok 556 - poll timers reject corrupted intervals independently of configuration
  ---
  duration_ms: 0.078917
  type: 'test'
  ...
# Subtest: filesystem invalidations coalesce and enforce a minimum refresh cadence
ok 557 - filesystem invalidations coalesce and enforce a minimum refresh cadence
  ---
  duration_ms: 0.12575
  type: 'test'
  ...
# Subtest: a successful refresh clears only refresh failures
ok 558 - a successful refresh clears only refresh failures
  ---
  duration_ms: 0.051
  type: 'test'
  ...
# Subtest: SGR mouse reports can be removed without leaking bytes into search text
ok 559 - SGR mouse reports can be removed without leaking bytes into search text
  ---
  duration_ms: 0.102708
  type: 'test'
  ...
# Subtest: startup provider failures become an actionable render state
ok 560 - startup provider failures become an actionable render state
  ---
  duration_ms: 0.08175
  type: 'test'
  ...
# Subtest: sidebar snapshots cannot emit OSC52 from repository and filename data
ok 561 - sidebar snapshots cannot emit OSC52 from repository and filename data
  ---
  duration_ms: 892.86925
  type: 'test'
  ...
# Subtest: preview requests serialize and skip superseded queued selections
ok 562 - preview requests serialize and skip superseded queued selections
  ---
  duration_ms: 0.472667
  type: 'test'
  ...
# Subtest: keyboard selection reveal uses rendered row position
ok 563 - keyboard selection reveal uses rendered row position
  ---
  duration_ms: 0.080583
  type: 'test'
  ...
# Subtest: the fallback palette is indexed so it inherits the terminal theme
ok 564 - the fallback palette is indexed so it inherits the terminal theme
  ---
  duration_ms: 0.847959
  type: 'test'
  ...
# Subtest: color values accept every documented Herdr spelling
ok 565 - color values accept every documented Herdr spelling
  ---
  duration_ms: 0.268333
  type: 'test'
  ...
# Subtest: token reading keeps hash colors and ignores unrelated sections
ok 566 - token reading keeps hash colors and ignores unrelated sections
  ---
  duration_ms: 0.85475
  type: 'test'
  ...
# Subtest: scalar reading handles bare, escaped, and unterminated values
ok 567 - scalar reading handles bare, escaped, and unterminated values
  ---
  duration_ms: 0.077375
  type: 'test'
  ...
# Subtest: [ui] accent applies only when [theme.custom] omits one
ok 568 - [ui] accent applies only when [theme.custom] omits one
  ---
  duration_ms: 0.113
  type: 'test'
  ...
# Subtest: only the four documented tokens override the fallback palette
ok 569 - only the four documented tokens override the fallback palette
  ---
  duration_ms: 0.118917
  type: 'test'
  ...
# Subtest: the config path honours HERDR_CONFIG_PATH ahead of XDG and HOME
ok 570 - the config path honours HERDR_CONFIG_PATH ahead of XDG and HOME
  ---
  duration_ms: 0.132
  type: 'test'
  ...
# Subtest: a missing, unreadable, or cmux-hosted config leaves the fallback palette
ok 571 - a missing, unreadable, or cmux-hosted config leaves the fallback palette
  ---
  duration_ms: 12.497
  type: 'test'
  ...
# Subtest: compact commit ages preserve value and unit
ok 572 - compact commit ages preserve value and unit
  ---
  duration_ms: 0.892625
  type: 'test'
  ...
# Subtest: root files sort after every folder group
ok 573 - root files sort after every folder group
  ---
  duration_ms: 7.5985
  type: 'test'
  ...
# Subtest: uninstall closes only live pane instances owned by this checkout before unlinking
ok 574 - uninstall closes only live pane instances owned by this checkout before unlinking
  ---
  duration_ms: 1.855291
  type: 'test'
  ...
# Subtest: uninstall fails closed on a reused or spoofed SideRail pane
ok 575 - uninstall fails closed on a reused or spoofed SideRail pane
  ---
  duration_ms: 0.414417
  type: 'test'
  ...
# Subtest: the rail shows a chosen Herdr worktree and follows its pane again when released (shared)
ok 576 - the rail shows a chosen Herdr worktree and follows its pane again when released (shared)
  ---
  duration_ms: 1386.329792
  type: 'test'
  ...
# Subtest: the rail shows a chosen Herdr worktree and follows its pane again when released (in-process)
ok 577 - the rail shows a chosen Herdr worktree and follows its pane again when released (in-process)
  ---
  duration_ms: 1126.760291
  type: 'test'
  ...
1..577
# tests 588
# suites 0
# pass 584
# fail 0
# cancelled 0
# skipped 4
# todo 0
# duration_ms 167992.820917
# start of coverage report
# --------------------------------------------------------------------------------------------------------------------------------------------------------------------------------------
# file                          | line % | branch % | funcs % | uncovered lines
# --------------------------------------------------------------------------------------------------------------------------------------------------------------------------------------
# src                           |        |          |         | 
#  cmux-context-watch.mjs       | 100.00 |    96.77 |  100.00 | 
#  cmux-context.mjs             |  98.40 |    88.14 |   97.87 | 106-107 115-116 255-257 308-309
#  cmux-preview-lifecycle.mjs   |  98.07 |    86.98 |  100.00 | 172-174 215-217 381-382
#  cmux-resume.mjs              | 100.00 |    90.00 |  100.00 | 
#  config.mjs                   |  97.24 |    92.82 |   96.67 | 65-66 69-70 144-145 159-160
#  debug-log.mjs                |  86.67 |    83.33 |  100.00 | 13-14
#  diff-view.mjs                |  86.67 |    82.35 |  100.00 | 45-48 67-72
#  direct-file-open.mjs         | 100.00 |    73.33 |  100.00 | 
#  files-view-model.mjs         |  98.36 |    91.76 |   95.65 | 145-147
#  fixture.mjs                  | 100.00 |   100.00 |  100.00 | 
#  git-invalidation.mjs         |  98.63 |    88.73 |   97.87 | 337-341
#  git-parsers.mjs              | 100.00 |    95.06 |  100.00 | 
#  git-provider.mjs             |  98.23 |    91.93 |  100.00 | 85-86 159-160 227-229 327-328 455-456
#  git-state-client.mjs         |  92.30 |    80.89 |   93.51 | 57-60 96-97 107-108 154-157 184-186 246-250 263-269 342-343 405-409 428-431 468 531-536 620-623 666-669 693-694 702-703
#  git-state-coordinator.mjs    |  93.31 |    80.65 |   92.31 | 90-92 104-106 156-157 215-217 289-292 329-330 339-340 342-345 369-370 372-375 409-411
#  git-state-identity.mjs       | 100.00 |    94.52 |  100.00 | 
#  git-state-protocol.mjs       | 100.00 |    97.69 |  100.00 | 
#  git-state-runtime.mjs        |  97.97 |    93.67 |   90.48 | 176-180
#  git-watch.mjs                | 100.00 |    92.31 |  100.00 | 
#  herdr-context-watch.mjs      | 100.00 |    93.51 |   96.00 | 
#  herdr-context.mjs            |  89.26 |    69.81 |  100.00 | 35-45 119-120
#  herdr-layout.mjs             | 100.00 |    71.43 |   83.33 | 
#  herdr-pane-state.mjs         |  96.43 |    75.81 |   92.31 | 68-69 109-110 118-119 150 152
#  herdr-plugin-pane.mjs        | 100.00 |   100.00 |  100.00 | 
#  herdr-socket.mjs             |  94.15 |    85.11 |   92.31 | 37-41 115-116 150-152
#  herdr-toggle-key.mjs         |  96.98 |    87.34 |  100.00 | 46 151-152 158-159 168-169 274-275
#  host-identity.mjs            | 100.00 |   100.00 |  100.00 | 
#  host-setup.mjs               | 100.00 |    99.15 |  100.00 | 
#  install-watch.mjs            | 100.00 |    92.50 |   90.91 | 
#  model.mjs                    |  84.44 |    90.48 |   82.35 | 64-74 85-87
#  node-version.mjs             | 100.00 |   100.00 |  100.00 | 
#  preview-pane-lifecycle.mjs   |  89.82 |    76.56 |  100.00 | 86-97 123-127
#  preview-provider.mjs         |  98.31 |    85.81 |  100.00 | 62 94 160 223
#  preview-search.mjs           | 100.00 |    87.50 |  100.00 | 
#  process.mjs                  |  93.85 |    89.71 |   85.00 | 81 91-94 119-120 156 184-185 187-188
#  rail-state-client.mjs        | 100.00 |   100.00 |   88.89 | 
#  rail-target.mjs              |  97.79 |    87.21 |   96.88 | 30-31 137-138
#  refresh-scheduler.mjs        |  98.98 |    86.87 |   93.94 | 234-235 264
#  repository-client.mjs        |  94.02 |    61.11 |   93.75 | 58-59 84-88
#  repository-engine.mjs        | 100.00 |    84.25 |  100.00 | 
#  shared-rail-runtime.mjs      |  97.96 |    86.55 |   86.36 | 202-204 227-229 258-259
#  temporary-copy-retention.mjs |  94.81 |    75.44 |  100.00 | 65-66 68-69 72 151-153
#  terminal-ui.mjs              |  98.54 |    90.84 |   94.34 | 194-196 247-249 362-363
#  theme.mjs                    | 100.00 |    97.14 |  100.00 | 
#  tui-format.mjs               | 100.00 |    77.78 |  100.00 | 
# --------------------------------------------------------------------------------------------------------------------------------------------------------------------------------------
# all files                     |  97.24 |    88.53 |   95.59 | 
# --------------------------------------------------------------------------------------------------------------------------------------------------------------------------------------
# end of coverage report

> siderail@0.2.1 snapshot
> node scripts/siderail.mjs --demo --snapshot --width 52 --height 46

 [1msiderail-fixture[0m                                   
  [38;5;7m↱ feature/sidebar[0m                                 
[38;5;8m────────────────────────────────────────────────────[0m
[48;5;8m[38;5;3m[1m CHANGES                  [0m[2m FILES                    [0m
[48;5;8m[2m ⌕ Search changes & commits…                        [0m
 [38;5;3m≡ Tree[0m   [38;5;7m↻ Refresh[0m                                 
[38;5;8m────────────────────────────────────────────────────[0m
[38;5;3m▏[0m› Against main  [2m2[0m                                  
 › Commits  [2m1[0m                                       
 ⌄ Staged  [2m1[0m                                        
 [38;5;8m[0m[38;5;7m› src/[0m                                             
 ⌄ Unstaged  [2m1[0m                                      
 [38;5;8m[0m[38;5;7m› src/[0m                                             
 ⌄ Untracked  [2m2[0m                                     
 [38;5;8m[0m[38;5;7m› assets/[0m                                          
 [38;5;8m[0m[38;5;7m› notes/[0m                                           
                                                    
                                                    
                                                    
                                                    
                                                    
                                                    
                                                    
                                                    
                                                    
                                                    
                                                    
                                                    
                                                    
                                                    
                                                    
                                                    
                                                    
                                                    
                                                    
                                                    
                                                    
                                                    
                                                    
                                                    
                                                    
                                                    
                                                    
                                                    
[38;5;8m────────────────────────────────────────────────────[0m
[2mj/k select · Enter open · ? help · / search · q[0m     

> siderail@0.2.1 artifact:verify
> node scripts/verify-artifact.mjs

Verified 5 manifest runtime files and 60 archive runtime dependencies, all in the npm files allowlist
v22.23.2
