
added 91 packages, and audited 92 packages in 1s

29 packages are looking for funding
  run `npm fund` for details

found 0 vulnerabilities

> siderail@0.2.0 check
> npm run lint && npm run test:coverage


> siderail@0.2.0 lint
> node scripts/lint.mjs && eslint . && knip --include exports


> siderail@0.2.0 test:coverage
> node --test --test-concurrency=1 --experimental-test-coverage --test-coverage-include='src/**/*.mjs' --test-coverage-lines=95 --test-coverage-branches=86 --test-coverage-functions=95 test/*.test.mjs

TAP version 13
# Subtest: tab creation uses the event tab instead of the globally focused tab
ok 1 - tab creation uses the event tab instead of the globally focused tab
  ---
  duration_ms: 1.594292
  type: 'test'
  ...
# Subtest: startup reconciliation chooses one non-SideRail pane per tab
ok 2 - startup reconciliation chooses one non-SideRail pane per tab
  ---
  duration_ms: 0.369708
  type: 'test'
  ...
# Subtest: event reconciliation filters to the created tab
ok 3 - event reconciliation filters to the created tab
  ---
  duration_ms: 0.074584
  type: 'test'
  ...
# Subtest: legacy layout-staging tabs never trigger auto-open
ok 4 - legacy layout-staging tabs never trigger auto-open
  ---
  duration_ms: 0.074125
  type: 'test'
  ...
# Subtest: bounded sweep caps workers and preserves mixed partial results
ok 5 - bounded sweep caps workers and preserves mixed partial results
  ---
  duration_ms: 1.319375
  type: 'test'
  ...
# Subtest: bounded sweep does not dequeue work after its global deadline
ok 6 - bounded sweep does not dequeue work after its global deadline
  ---
  duration_ms: 0.550208
  type: 'test'
  ...
# Subtest: bounded sweep cancels every target when the deadline has already expired
ok 7 - bounded sweep cancels every target when the deadline has already expired
  ---
  duration_ms: 0.142209
  type: 'test'
  ...
# Subtest: bounded sweep reports both active and queued jobs as deadline-cancelled
ok 8 - bounded sweep reports both active and queued jobs as deadline-cancelled
  ---
  duration_ms: 0.235959
  type: 'test'
  ...
# Subtest: auto-open target gives its process group the remaining deadline and recovery grace
ok 9 - auto-open target gives its process group the remaining deadline and recovery grace
  ---
  duration_ms: 3.855875
  type: 'test'
  ...
# Subtest: the global auto-open deadline starts before Herdr discovery
ok 10 - the global auto-open deadline starts before Herdr discovery
  ---
  duration_ms: 6.9815
  type: 'test'
  ...
# Subtest: only user configuration can disable automatic Herdr opening
ok 11 - only user configuration can disable automatic Herdr opening
  ---
  duration_ms: 2.397708
  type: 'test'
  ...
# Subtest: non-Git legacy labels never authorize closing a user pane
ok 12 - non-Git legacy labels never authorize closing a user pane
  ---
  duration_ms: 217.953708
  type: 'test'
  ...
# Subtest: Herdr launch keeps plugin code rooted while passing the selected repository explicitly
ok 13 - Herdr launch keeps plugin code rooted while passing the selected repository explicitly
  ---
  duration_ms: 460.555833
  type: 'test'
  ...
# Subtest: help and version need no host
ok 14 - help and version need no host
  ---
  duration_ms: 13.468792
  type: 'test'
  ...
# Subtest: unknown commands and hosts fail with usage
ok 15 - unknown commands and hosts fail with usage
  ---
  duration_ms: 2.708792
  type: 'test'
  ...
# Subtest: setup with no host registers every detected host
ok 16 - setup with no host registers every detected host
  ---
  duration_ms: 4.874667
  type: 'test'
  ...
# Subtest: setup skips missing hosts, and fails when none is found
ok 17 - setup skips missing hosts, and fails when none is found
  ---
  duration_ms: 4.704834
  type: 'test'
  ...
# Subtest: cmux is detected from PATH or the macOS application
ok 18 - cmux is detected from PATH or the macOS application
  ---
  duration_ms: 4.601167
  type: 'test'
  ...
# Subtest: setup reports a moved Herdr link and an updated Dock control
ok 19 - setup reports a moved Herdr link and an updated Dock control
  ---
  duration_ms: 1.901875
  type: 'test'
  ...
# Subtest: status reports each host, including stale and missing registrations
ok 20 - status reports each host, including stale and missing registrations
  ---
  duration_ms: 6.97475
  type: 'test'
  ...
# Subtest: uninstall removes only registrations that belong to this install
ok 21 - uninstall removes only registrations that belong to this install
  ---
  duration_ms: 5.372458
  type: 'test'
  ...
# Subtest: explicit cmux uninstall removes a control from another install
ok 22 - explicit cmux uninstall removes a control from another install
  ---
  duration_ms: 1.759834
  type: 'test'
  ...
# Subtest: Herdr failures other than a missing executable propagate
ok 23 - Herdr failures other than a missing executable propagate
  ---
  duration_ms: 0.994417
  type: 'test'
  ...
# Subtest: the installed bin runs through a symlink and reports errors on stderr
ok 24 - the installed bin runs through a symlink and reports errors on stderr
  ---
  duration_ms: 175.50225
  type: 'test'
  ...
# Subtest: the bin exits cleanly when its reader closes the pipe early
ok 25 - the bin exits cleanly when its reader closes the pipe early
  ---
  duration_ms: 209.178958
  type: 'test'
  ...
# Subtest: uninstall unlinks only the plugin id it verified, whatever HERDR_PLUGIN_ID says
ok 26 - uninstall unlinks only the plugin id it verified, whatever HERDR_PLUGIN_ID says
  ---
  duration_ms: 2.651167
  type: 'test'
  ...
# Subtest: default uninstall recognizes this install's control at a quoted path and leaves a quoted foreign one
ok 27 - default uninstall recognizes this install's control at a quoted path and leaves a quoted foreign one
  ---
  duration_ms: 3.927458
  type: 'test'
  ...
# Subtest: target pins the caller's tab to an open worktree and --follow releases it
ok 28 - target pins the caller's tab to an open worktree and --follow releases it
  ---
  duration_ms: 4.873042
  type: 'test'
  ...
# Subtest: target lists worktrees as JSON for agents
ok 29 - target lists worktrees as JSON for agents
  ---
  duration_ms: 1.84825
  type: 'test'
  ...
# Subtest: target rejects unknown worktrees, tabs, and ambiguous arguments
ok 30 - target rejects unknown worktrees, tabs, and ambiguous arguments
  ---
  duration_ms: 2.537875
  type: 'test'
  ...
# Subtest: cmux context events are scoped to the Dock owner window
ok 31 - cmux context events are scoped to the Dock owner window
  ---
  duration_ms: 0.880708
  type: 'test'
  ...
# Subtest: cmux context watcher decodes chunked events and closes its child
ok 32 - cmux context watcher decodes chunked events and closes its child
  ---
  duration_ms: 1.954792
  type: 'test'
  ...
# Subtest: cmux context watcher tolerates an unavailable stream without an error observer
ok 33 - cmux context watcher tolerates an unavailable stream without an error observer
  ---
  duration_ms: 0.380125
  type: 'test'
  ...
# Subtest: an unscoped watcher accepts every window while events without a window are never dropped
ok 34 - an unscoped watcher accepts every window while events without a window are never dropped
  ---
  duration_ms: 0.071458
  type: 'test'
  ...
# Subtest: an event payload window overrides nothing when the frame already names another window
ok 35 - an event payload window overrides nothing when the frame already names another window
  ---
  duration_ms: 0.111708
  type: 'test'
  ...
# Subtest: closing a cmux context watcher twice kills its child exactly once
ok 36 - closing a cmux context watcher twice kills its child exactly once
  ---
  duration_ms: 0.276916
  type: 'test'
  ...
# Subtest: a clean cmux event stream exit is not an error but still reports the lost stream
ok 37 - a clean cmux event stream exit is not an error but still reports the lost stream
  ---
  duration_ms: 0.284875
  type: 'test'
  ...
# Subtest: an unrequested cmux event stream failure reports both the error and the lost stream
ok 38 - an unrequested cmux event stream failure reports both the error and the lost stream
  ---
  duration_ms: 0.336
  type: 'test'
  ...
# Subtest: closing a cmux context watcher deliberately reports neither an error nor a lost stream
ok 39 - closing a cmux context watcher deliberately reports neither an error nor a lost stream
  ---
  duration_ms: 0.248875
  type: 'test'
  ...
# Subtest: a cmux context watcher without a close observer still tolerates an exit
ok 40 - a cmux context watcher without a close observer still tolerates an exit
  ---
  duration_ms: 0.237
  type: 'test'
  ...
# Subtest: cmux executable selection prefers an explicit override and then the bundled CLI
ok 41 - cmux executable selection prefers an explicit override and then the bundled CLI
  ---
  duration_ms: 0.932458
  type: 'test'
  ...
# Subtest: cmux Dock control ownership is keyed by its own surface, not the workspace it follows
ok 42 - cmux Dock control ownership is keyed by its own surface, not the workspace it follows
  ---
  duration_ms: 10.802584
  type: 'test'
  ...
# Subtest: cmux Dock control registration rejects incomplete, missing, malformed, and mismatched ownership
ok 43 - cmux Dock control registration rejects incomplete, missing, malformed, and mismatched ownership
  ---
  duration_ms: 6.110875
  type: 'test'
  ...
# Subtest: cmux Dock control registration follows a live surface across workspace changes
ok 44 - cmux Dock control registration follows a live surface across workspace changes
  ---
  duration_ms: 1.997167
  type: 'test'
  ...
# Subtest: cmux Dock registration liveness requires the recorded process
ok 45 - cmux Dock registration liveness requires the recorded process
  ---
  duration_ms: 0.12475
  type: 'test'
  ...
# Subtest: a reused process id cannot revive a version 3 registration
ok 46 - a reused process id cannot revive a version 3 registration
  ---
  duration_ms: 0.087625
  type: 'test'
  ...
# Subtest: a markerless version 3 record is invalid rather than silently process-id only
ok 47 - a markerless version 3 record is invalid rather than silently process-id only
  ---
  duration_ms: 2.026041
  type: 'test'
  ...
# Subtest: registration fails rather than writing a version 3 record without a start marker
ok 48 - registration fails rather than writing a version 3 record without a start marker
  ---
  duration_ms: 1.66925
  type: 'test'
  ...
# Subtest: the process start marker is read in a fixed locale and zone
ok 49 - the process start marker is read in a fixed locale and zone
  ---
  duration_ms: 0.196833
  type: 'test'
  ...
# Subtest: the process start marker rejects a row that belongs to another process
ok 50 - the process start marker rejects a row that belongs to another process
  ---
  duration_ms: 0.33725
  type: 'test'
  ...
# Subtest: main workspace selection never treats the SideRail Dock surface as its source surface
ok 51 - main workspace selection never treats the SideRail Dock surface as its source surface
  ---
  duration_ms: 0.101292
  type: 'test'
  ...
# Subtest: cmux context resolves live main-area cwd while preserving every Dock identity
ok 52 - cmux context resolves live main-area cwd while preserving every Dock identity
  ---
  duration_ms: 1.254417
  type: 'test'
  ...
# Subtest: cmux context falls back to the configured project cwd when discovery fails
ok 53 - cmux context falls back to the configured project cwd when discovery fails
  ---
  duration_ms: 0.246458
  type: 'test'
  ...
# Subtest: cmux context can resolve an older caller-scoped workspace without a window id
ok 54 - cmux context can resolve an older caller-scoped workspace without a window id
  ---
  duration_ms: 0.517458
  type: 'test'
  ...
# Subtest: cmux context remains anchored to its owner window when global focus moves
ok 55 - cmux context remains anchored to its owner window when global focus moves
  ---
  duration_ms: 0.340833
  type: 'test'
  ...
# Subtest: cmux context recovers the selected project from the focused surface when workspace cwd is stale
ok 56 - cmux context recovers the selected project from the focused surface when workspace cwd is stale
  ---
  duration_ms: 0.580208
  type: 'test'
  ...
# Subtest: cmux context pins a valid main-surface launch folder when Dock activity contaminates workspace cwd
ok 57 - cmux context pins a valid main-surface launch folder when Dock activity contaminates workspace cwd
  ---
  duration_ms: 0.63825
  type: 'test'
  ...
# Subtest: cmux context never substitutes the SideRail Dock cwd for a missing selected project
ok 58 - cmux context never substitutes the SideRail Dock cwd for a missing selected project
  ---
  duration_ms: 0.195458
  type: 'test'
  ...
# Subtest: Dock owner window is discovered from the Dock's own surface when cmux reports no caller
ok 59 - Dock owner window is discovered from the Dock's own surface when cmux reports no caller
  ---
  duration_ms: 0.131375
  type: 'test'
  ...
# Subtest: Dock owner window discovery is skipped without a surface of its own
ok 60 - Dock owner window discovery is skipped without a surface of its own
  ---
  duration_ms: 0.048667
  type: 'test'
  ...
# Subtest: Dock owner window falls back to a live window hint before the global-Dock workspace convention
ok 61 - Dock owner window falls back to a live window hint before the global-Dock workspace convention
  ---
  duration_ms: 0.110125
  type: 'test'
  ...
# Subtest: cmux context resolves the Dock-owning window when identify has no caller and focus is elsewhere
ok 62 - cmux context resolves the Dock-owning window when identify has no caller and focus is elsewhere
  ---
  duration_ms: 1.16075
  type: 'test'
  ...
# Subtest: cmux context never resolves the focused window's project for a Dock owned by another window
ok 63 - cmux context never resolves the focused window's project for a Dock owned by another window
  ---
  duration_ms: 0.519
  type: 'test'
  ...
# Subtest: cmux context reuses a cached owner window without repeating Dock discovery
ok 64 - cmux context reuses a cached owner window without repeating Dock discovery
  ---
  duration_ms: 0.457916
  type: 'test'
  ...
# Subtest: cmux context still resolves a project when Dock owner discovery fails outright
ok 65 - cmux context still resolves a project when Dock owner discovery fails outright
  ---
  duration_ms: 0.466459
  type: 'test'
  ...
# Subtest: a checked-out candidate outranks an existing but unversioned directory
ok 66 - a checked-out candidate outranks an existing but unversioned directory
  ---
  duration_ms: 0.198375
  type: 'test'
  ...
# Subtest: no checked-out candidate keeps the first existing directory rather than an unusable path
ok 67 - no checked-out candidate keeps the first existing directory rather than an unusable path
  ---
  duration_ms: 0.128458
  type: 'test'
  ...
# Subtest: repository detection accepts a linked worktree whose .git is a file
ok 68 - repository detection accepts a linked worktree whose .git is a file
  ---
  duration_ms: 2.701291
  type: 'test'
  ...
# Subtest: cmux Dock control state paths cannot escape the SideRail cache directory
ok 69 - cmux Dock control state paths cannot escape the SideRail cache directory
  ---
  duration_ms: 2.360959
  type: 'test'
  ...
# Subtest: cmux Dock control lookup ignores another control's record for the same surface
ok 70 - cmux Dock control lookup ignores another control's record for the same surface
  ---
  duration_ms: 2.429625
  type: 'test'
  ...
# Subtest: cmux Dock control lookup prefers the current workspace and then the newest record
ok 71 - cmux Dock control lookup prefers the current workspace and then the newest record
  ---
  duration_ms: 2.698083
  type: 'test'
  ...
# Subtest: a main surface launched from home does not outrank the workspace's checked-out project
ok 72 - a main surface launched from home does not outrank the workspace's checked-out project
  ---
  duration_ms: 0.213833
  type: 'test'
  ...
# Subtest: a legacy record is migrated forward and its duplicates for the same surface are removed
ok 73 - a legacy record is migrated forward and its duplicates for the same surface are removed
  ---
  duration_ms: 10.760083
  type: 'test'
  ...
# Subtest: a version 3 record is preferred without ever scanning legacy records
ok 74 - a version 3 record is preferred without ever scanning legacy records
  ---
  duration_ms: 3.7375
  type: 'test'
  ...
# Subtest: a failed migration still returns the legacy record rather than losing the control
ok 75 - a failed migration still returns the legacy record rather than losing the control
  ---
  duration_ms: 2.065708
  type: 'test'
  ...
# Subtest: legacy selection prefers the current workspace and then the newest record
ok 76 - legacy selection prefers the current workspace and then the newest record
  ---
  duration_ms: 10.541958
  type: 'test'
  ...
# Subtest: a dead process never causes a record to be pruned, so relaunch can still find its Dock
ok 77 - a dead process never causes a record to be pruned, so relaunch can still find its Dock
  ---
  duration_ms: 2.176875
  type: 'test'
  ...
# Subtest: a registration landing mid-migration is never clobbered by the legacy record
ok 78 - a registration landing mid-migration is never clobbered by the legacy record
  ---
  duration_ms: 3.043667
  type: 'test'
  ...
# Subtest: concurrent migrations of one legacy record agree on a single canonical winner
ok 79 - concurrent migrations of one legacy record agree on a single canonical winner
  ---
  duration_ms: 7.890167
  type: 'test'
  ...
# Subtest: manual launch creates one unfocused Dock terminal and reveals Dock without stealing focus
ok 80 - manual launch creates one unfocused Dock terminal and reveals Dock without stealing focus
  ---
  duration_ms: 3.683708
  type: 'test'
  ...
# Subtest: manual launch adopts an existing SideRail Dock surface instead of duplicating it
ok 81 - manual launch adopts an existing SideRail Dock surface instead of duplicating it
  ---
  duration_ms: 1.960416
  type: 'test'
  ...
# Subtest: manual launch recognizes its configured Dock caller identity even with cmux's startup wrapper
ok 82 - manual launch recognizes its configured Dock caller identity even with cmux's startup wrapper
  ---
  duration_ms: 0.58775
  type: 'test'
  ...
# Subtest: manual launch can coexist with an unrelated configured Dock control
ok 83 - manual launch can coexist with an unrelated configured Dock control
  ---
  duration_ms: 0.433292
  type: 'test'
  ...
# Subtest: manual launch adopts a registered configured SideRail control
ok 84 - manual launch adopts a registered configured SideRail control
  ---
  duration_ms: 0.565959
  type: 'test'
  ...
# Subtest: manual launch finds an active configured control after the main workspace changes
ok 85 - manual launch finds an active configured control after the main workspace changes
  ---
  duration_ms: 0.479875
  type: 'test'
  ...
# Subtest: manual launch reuses a registered post-q login shell
ok 86 - manual launch reuses a registered post-q login shell
  ---
  duration_ms: 0.595584
  type: 'test'
  ...
# Subtest: manual launch waits for a starting configured control to register
ok 87 - manual launch waits for a starting configured control to register
  ---
  duration_ms: 0.395667
  type: 'test'
  ...
# Subtest: manual launch adopts a Dock surface with an exposed SideRail control id
ok 88 - manual launch adopts a Dock surface with an exposed SideRail control id
  ---
  duration_ms: 0.423542
  type: 'test'
  ...
# Subtest: manual launch fails closed without a selected main workspace or Dock response
ok 89 - manual launch fails closed without a selected main workspace or Dock response
  ---
  duration_ms: 1.060542
  type: 'test'
  ...
# Subtest: Dock relaunch command restates variables and quotes shell metacharacters
ok 90 - Dock relaunch command restates variables and quotes shell metacharacters
  ---
  duration_ms: 0.080583
  type: 'test'
  ...
# Subtest: relaunching an existing Dock surface restores the owner window and project directory
ok 91 - relaunching an existing Dock surface restores the owner window and project directory
  ---
  duration_ms: 0.546334
  type: 'test'
  ...
# Subtest: a relaunched Dock surface receives exactly the environment a created one does
ok 92 - a relaunched Dock surface receives exactly the environment a created one does
  ---
  duration_ms: 0.522875
  type: 'test'
  ...
# Subtest: a Dock launch without a resolvable owner window omits the window variable rather than guessing
ok 93 - a Dock launch without a resolvable owner window omits the window variable rather than guessing
  ---
  duration_ms: 0.58425
  type: 'test'
  ...
# Subtest: a relaunch decision awaits an asynchronous liveness verdict
ok 94 - a relaunch decision awaits an asynchronous liveness verdict
  ---
  duration_ms: 0.461167
  type: 'test'
  ...
# Subtest: an active registration is still adopted rather than relaunched
ok 95 - an active registration is still adopted rather than relaunched
  ---
  duration_ms: 0.427334
  type: 'test'
  ...
# Subtest: clean rows open an exact read-only materialization in cmux's native file viewer
ok 96 - clean rows open an exact read-only materialization in cmux's native file viewer
  ---
  duration_ms: 10.962708
  type: 'test'
  ...
# Subtest: changed rows open their exact selected revision in cmux's native file viewer
ok 97 - changed rows open their exact selected revision in cmux's native file viewer
  ---
  duration_ms: 4.713709
  type: 'test'
  ...
# Subtest: missing main surface falls back within the explicit workspace without inheriting the Dock surface
ok 98 - missing main surface falls back within the explicit workspace without inheriting the Dock surface
  ---
  duration_ms: 2.242167
  type: 'test'
  ...
# Subtest: Dock surface is never closed from stale cmux native-preview state
ok 99 - Dock surface is never closed from stale cmux native-preview state
  ---
  duration_ms: 2.388167
  type: 'test'
  ...
# Subtest: foreign type is never closed from stale cmux native-preview state
ok 100 - foreign type is never closed from stale cmux native-preview state
  ---
  duration_ms: 2.548042
  type: 'test'
  ...
# Subtest: foreign id is never closed from stale cmux native-preview state
ok 101 - foreign id is never closed from stale cmux native-preview state
  ---
  duration_ms: 2.657791
  type: 'test'
  ...
# Subtest: a missing stale surface releases its retained native-file materialization
ok 102 - a missing stale surface releases its retained native-file materialization
  ---
  duration_ms: 4.684916
  type: 'test'
  ...
# Subtest: each open adds a new native tab and stable ownership survives Dock surface rotation
ok 103 - each open adds a new native tab and stable ownership survives Dock surface rotation
  ---
  duration_ms: 3.502167
  type: 'test'
  ...
# Subtest: stable control ownership migrates legacy surface-keyed preview state
ok 104 - stable control ownership migrates legacy surface-keyed preview state
  ---
  duration_ms: 3.041958
  type: 'test'
  ...
# Subtest: replacement-era ownership migrates without closing its native tabs
ok 105 - replacement-era ownership migrates without closing its native tabs
  ---
  duration_ms: 2.912459
  type: 'test'
  ...
# Subtest: unreadable legacy ownership is reported without blocking a new preview
ok 106 - unreadable legacy ownership is reported without blocking a new preview
  ---
  duration_ms: 3.260667
  type: 'test'
  ...
# Subtest: native identity names the actual bytes for clean and deletion fallbacks
    # Subtest: clean Files row
    ok 1 - clean Files row
      ---
      duration_ms: 1.910958
      type: 'test'
      ...
    # Subtest: staged deletion
    ok 2 - staged deletion
      ---
      duration_ms: 2.247666
      type: 'test'
      ...
    # Subtest: commit deletion
    ok 3 - commit deletion
      ---
      duration_ms: 1.881917
      type: 'test'
      ...
    # Subtest: unstaged worktree
    ok 4 - unstaged worktree
      ---
      duration_ms: 1.989583
      type: 'test'
      ...
    # Subtest: untracked worktree
    ok 5 - untracked worktree
      ---
      duration_ms: 1.833167
      type: 'test'
      ...
    # Subtest: against-base revision
    ok 6 - against-base revision
      ---
      duration_ms: 2.260375
      type: 'test'
      ...
    # Subtest: against-base worktree fallback
    ok 7 - against-base worktree fallback
      ---
      duration_ms: 2.553083
      type: 'test'
      ...
    # Subtest: selected commit revision
    ok 8 - selected commit revision
      ---
      duration_ms: 1.818792
      type: 'test'
      ...
    # Subtest: filesystem worktree
    ok 9 - filesystem worktree
      ---
      duration_ms: 1.683708
      type: 'test'
      ...
    1..9
ok 107 - native identity names the actual bytes for clean and deletion fallbacks
  ---
  duration_ms: 18.934125
  type: 'test'
  ...
# Subtest: transient discovery failures retain open tabs and later prune only closed tabs
ok 108 - transient discovery failures retain open tabs and later prune only closed tabs
  ---
  duration_ms: 5.411917
  type: 'test'
  ...
# Subtest: malformed ownership is ignored while an unreadable ownership path fails before cmux mutation
ok 109 - malformed ownership is ignored while an unreadable ownership path fails before cmux mutation
  ---
  duration_ms: 2.485916
  type: 'test'
  ...
# Subtest: ownership write failure closes the new native surface and removes its materialization
ok 110 - ownership write failure closes the new native surface and removes its materialization
  ---
  duration_ms: 1.901958
  type: 'test'
  ...
# Subtest: ownership failure reports failed compensation without hiding either error
ok 111 - ownership failure reports failed compensation without hiding either error
  ---
  duration_ms: 1.781291
  type: 'test'
  ...
# Subtest: malformed native open responses fail and remove prepared files
ok 112 - malformed native open responses fail and remove prepared files
  ---
  duration_ms: 1.932333
  type: 'test'
  ...
# Subtest: partial native open reports failed close compensation
ok 113 - partial native open reports failed close compensation
  ---
  duration_ms: 1.661208
  type: 'test'
  ...
# Subtest: a failed native file-open command removes the prepared materialization
ok 114 - a failed native file-open command removes the prepared materialization
  ---
  duration_ms: 1.800916
  type: 'test'
  ...
# Subtest: direct file-open payloads and fallback filenames remain supported
ok 115 - direct file-open payloads and fallback filenames remain supported
  ---
  duration_ms: 2.280542
  type: 'test'
  ...
# Subtest: stale preview inspection failures are warnings and retain the old materialization
ok 116 - stale preview inspection failures are warnings and retain the old materialization
  ---
  duration_ms: 2.2355
  type: 'test'
  ...
# Subtest: a cleanup-state rewrite failure remains a warning after verified cleanup
ok 117 - a cleanup-state rewrite failure remains a warning after verified cleanup
  ---
  duration_ms: 1.752541
  type: 'test'
  ...
# Subtest: stale state can never remove a materialization outside SideRail's cache
ok 118 - stale state can never remove a materialization outside SideRail's cache
  ---
  duration_ms: 3.605375
  type: 'test'
  ...
# Subtest: cmux preview requires a resolved main workspace
ok 119 - cmux preview requires a resolved main workspace
  ---
  duration_ms: 0.571458
  type: 'test'
  ...
# Subtest: surface ownership requires exact id, native panel type, and main-area scope
ok 120 - surface ownership requires exact id, native panel type, and main-area scope
  ---
  duration_ms: 0.1695
  type: 'test'
  ...
# Subtest: a native open that returns no surface identity removes its materialization and fails
ok 121 - a native open that returns no surface identity removes its materialization and fails
  ---
  duration_ms: 1.89575
  type: 'test'
  ...
# Subtest: an unreadable materialization target is cleaned up rather than left half written
ok 122 - an unreadable materialization target is cleaned up rather than left half written
  ---
  duration_ms: 1.04425
  type: 'test'
  ...
# Subtest: preview ownership survives a cache directory that does not exist yet
ok 123 - preview ownership survives a cache directory that does not exist yet
  ---
  duration_ms: 1.810083
  type: 'test'
  ...
# Subtest: a preview state path is confined to the SideRail cache for hostile identities
ok 124 - a preview state path is confined to the SideRail cache for hostile identities
  ---
  duration_ms: 0.744166
  type: 'test'
  ...
# Subtest: cmux Dock restart command preserves absolute paths with shell metacharacters
ok 125 - cmux Dock restart command preserves absolute paths with shell metacharacters
  ---
  duration_ms: 0.838542
  type: 'test'
  ...
# Subtest: cmux Dock restart command restates the host environment a resume binding cannot store
ok 126 - cmux Dock restart command restates the host environment a resume binding cannot store
  ---
  duration_ms: 0.179292
  type: 'test'
  ...
# Subtest: cmux Dock resume registration is scoped to its window and surface
ok 127 - cmux Dock resume registration is scoped to its window and surface
  ---
  duration_ms: 0.899916
  type: 'test'
  ...
# Subtest: cmux Dock resume registration ignores foreign and incomplete controls
ok 128 - cmux Dock resume registration ignores foreign and incomplete controls
  ---
  duration_ms: 0.087166
  type: 'test'
  ...
# Subtest: cmux Dock resume registration survives a restore that dropped the owner window id
ok 129 - cmux Dock resume registration survives a restore that dropped the owner window id
  ---
  duration_ms: 0.153208
  type: 'test'
  ...
# Subtest: cmux Dock resume registration reports a retained manual approval
ok 130 - cmux Dock resume registration reports a retained manual approval
  ---
  duration_ms: 0.09675
  type: 'test'
  ...
# Subtest: live pane owns the single product title
ok 131 - live pane owns the single product title
  ---
  duration_ms: 3.402416
  type: 'test'
  ...
# Subtest: Herdr opens SideRail for restored and newly created tabs
ok 132 - Herdr opens SideRail for restored and newly created tabs
  ---
  duration_ms: 1.130334
  type: 'test'
  ...
# Subtest: Herdr exposes a current-tab SideRail toggle action
ok 133 - Herdr exposes a current-tab SideRail toggle action
  ---
  duration_ms: 0.427584
  type: 'test'
  ...
# Subtest: file previews open in a dedicated Herdr tab
ok 134 - file previews open in a dedicated Herdr tab
  ---
  duration_ms: 0.609125
  type: 'test'
  ...
# Subtest: cmux previews use native file tabs without changing the Herdr preview
ok 135 - cmux previews use native file tabs without changing the Herdr preview
  ---
  duration_ms: 1.008125
  type: 'test'
  ...
# Subtest: preview scrolling repaints in place without clearing the screen
ok 136 - preview scrolling repaints in place without clearing the screen
  ---
  duration_ms: 0.930083
  type: 'test'
  ...
# Subtest: manual refresh confirmation is transient
ok 137 - manual refresh confirmation is transient
  ---
  duration_ms: 0.520875
  type: 'test'
  ...
# Subtest: configuration validates version, launch mode, and refresh bounds
ok 138 - configuration validates version, launch mode, and refresh bounds
  ---
  duration_ms: 1.174875
  type: 'test'
  ...
# Subtest: the shipped example is governed by runtime validation alone
ok 139 - the shipped example is governed by runtime validation alone
  ---
  duration_ms: 1.416958
  type: 'test'
  ...
# Subtest: configuration requires a version and rejects nested unknown keys
ok 140 - configuration requires a version and rejects nested unknown keys
  ---
  duration_ms: 0.3705
  type: 'test'
  ...
# Subtest: viewer actions resolve conditionally by selected filename
ok 141 - viewer actions resolve conditionally by selected filename
  ---
  duration_ms: 0.535042
  type: 'test'
  ...
# Subtest: viewer executable preflight detects commands without invoking them
ok 142 - viewer executable preflight detects commands without invoking them
  ---
  duration_ms: 3.401125
  type: 'test'
  ...
# Subtest: installed Markdown rules bypass the generic preview only when system open is directly usable
ok 143 - installed Markdown rules bypass the generic preview only when system open is directly usable
  ---
  duration_ms: 1.156042
  type: 'test'
  ...
# Subtest: configuration rejects mistyped structured values
ok 144 - configuration rejects mistyped structured values
  ---
  duration_ms: 0.108333
  type: 'test'
  ...
# Subtest: user configuration merges by key and environment wins
ok 145 - user configuration merges by key and environment wins
  ---
  duration_ms: 2.722917
  type: 'test'
  ...
# Subtest: an explicit Glow TUI rule is preserved
ok 146 - an explicit Glow TUI rule is preserved
  ---
  duration_ms: 1.580084
  type: 'test'
  ...
# Subtest: environment overrides do not mutate built-in defaults
ok 147 - environment overrides do not mutate built-in defaults
  ---
  duration_ms: 0.862708
  type: 'test'
  ...
# Subtest: editor integration is optional and EDITOR remains a fallback
ok 148 - editor integration is optional and EDITOR remains a fallback
  ---
  duration_ms: 0.997208
  type: 'test'
  ...
# Subtest: invalid environment overrides report errors without replacing valid defaults
ok 149 - invalid environment overrides report errors without replacing valid defaults
  ---
  duration_ms: 1.107542
  type: 'test'
  ...
# Subtest: out-of-range polling overrides preserve a user interval
ok 150 - out-of-range polling overrides preserve a user interval
  ---
  duration_ms: 2.262875
  type: 'test'
  ...
# Subtest: structured file diff removes Git plumbing and tracks both line numbers
ok 151 - structured file diff removes Git plumbing and tracks both line numbers
  ---
  duration_ms: 1.983208
  type: 'test'
  ...
# Subtest: structured file diff preserves meaningful file metadata
ok 152 - structured file diff preserves meaningful file metadata
  ---
  duration_ms: 0.093708
  type: 'test'
  ...
# Subtest: structured file diff parses combined conflict hunks
ok 153 - structured file diff parses combined conflict hunks
  ---
  duration_ms: 0.207208
  type: 'test'
  ...
# Subtest: diff rows neutralize repository-controlled terminal sequences
ok 154 - diff rows neutralize repository-controlled terminal sequences
  ---
  duration_ms: 0.223667
  type: 'test'
  ...
# Subtest: structured diff parsing strips Git color without losing hunk semantics
ok 155 - structured diff parsing strips Git color without losing hunk semantics
  ---
  duration_ms: 0.086875
  type: 'test'
  ...
# Subtest: clean Markdown opens its worktree path directly with the system application
ok 156 - clean Markdown opens its worktree path directly with the system application
  ---
  duration_ms: 6.238667
  type: 'test'
  ...
# Subtest: historical Markdown opens an exact read-only copy and schedules its cleanup
ok 157 - historical Markdown opens an exact read-only copy and schedules its cleanup
  ---
  duration_ms: 126.067042
  type: 'test'
  ...
# Subtest: a failed system open removes its temporary copy
ok 158 - a failed system open removes its temporary copy
  ---
  duration_ms: 2.614334
  type: 'test'
  ...
# Subtest: security policy directs reports to the repository's private reporting channel
ok 159 - security policy directs reports to the repository's private reporting channel
  ---
  duration_ms: 4.234125
  type: 'test'
  ...
# Subtest: documentation states the eventual refresh and user-only configuration contracts
ok 160 - documentation states the eventual refresh and user-only configuration contracts
  ---
  duration_ms: 0.923042
  type: 'test'
  ...
# Subtest: public installation and release evidence instructions enforce the candidate gates
ok 161 - public installation and release evidence instructions enforce the candidate gates
  ---
  duration_ms: 0.981083
  type: 'test'
  ...
# Subtest: the default local check enforces coverage
ok 162 - the default local check enforces coverage
  ---
  duration_ms: 0.97225
  type: 'test'
  ...
# Subtest: cmux documentation and project Dock config describe the supported right-sidebar host
ok 163 - cmux documentation and project Dock config describe the supported right-sidebar host
  ---
  duration_ms: 2.211
  type: 'test'
  ...
# Subtest: live release cleanup is isolated from the operator's Herdr installation
ok 164 - live release cleanup is isolated from the operator's Herdr installation
  ---
  duration_ms: 0.350083
  type: 'test'
  ...
# Subtest: sealed release logs are not hidden by the general log ignore
ok 165 - sealed release logs are not hidden by the general log ignore
  ---
  duration_ms: 0.4535
  type: 'test'
  ...
# Subtest: sealed evidence is excluded from later archives and preserves terminal bytes
ok 166 - sealed evidence is excluded from later archives and preserves terminal bytes
  ---
  duration_ms: 0.388541
  type: 'test'
  ...
# Subtest: the Docker Linux worker pins a checksummed Herdr and is part of the release runbook
ok 167 - the Docker Linux worker pins a checksummed Herdr and is part of the release runbook
  ---
  duration_ms: 0.660416
  type: 'test'
  ...
# Subtest: search folder state uses one bounded scope and row signatures reflect content
ok 168 - search folder state uses one bounded scope and row signatures reflect content
  ---
  duration_ms: 0.920917
  type: 'test'
  ...
# Subtest: folder collapse keys cover every tree ancestor and grouped folder
ok 169 - folder collapse keys cover every tree ancestor and grouped folder
  ---
  duration_ms: 1.155125
  type: 'test'
  ...
# Subtest: folder expansion survives an ancestor collapse while newly discovered descendants start collapsed
ok 170 - folder expansion survives an ancestor collapse while newly discovered descendants start collapsed
  ---
  duration_ms: 0.1225
  type: 'test'
  ...
# Subtest: tree rows retain enough ancestry to distinguish siblings from nested children
ok 171 - tree rows retain enough ancestry to distinguish siblings from nested children
  ---
  duration_ms: 7.074084
  type: 'test'
  ...
# Subtest: 20k-path files model materializes only the viewport at supported widths
ok 172 - 20k-path files model materializes only the viewport at supported widths
  ---
  duration_ms: 206.161084
  type: 'test'
  ...
# Subtest: metadata filtering is dependency-specific and conservative when unhealthy
ok 173 - metadata filtering is dependency-specific and conservative when unhealthy
  ---
  duration_ms: 1.008459
  type: 'test'
  ...
# Subtest: ignored noise uses one NUL-safe batch and caches exact paths
ok 174 - ignored noise uses one NUL-safe batch and caches exact paths
  ---
  duration_ms: 4.67575
  type: 'test'
  ...
# Subtest: tracked paths, tracked directory renames, and submodule children bypass ignores
ok 175 - tracked paths, tracked directory renames, and submodule children bypass ignores
  ---
  duration_ms: 0.696584
  type: 'test'
  ...
# Subtest: own and sibling indexes are distinct for primary and linked worktrees
ok 176 - own and sibling indexes are distinct for primary and linked worktrees
  ---
  duration_ms: 0.319625
  type: 'test'
  ...
# Subtest: ignore/index/config changes invalidate classification without discarding tracked ignores
ok 177 - ignore/index/config changes invalidate classification without discarding tracked ignores
  ---
  duration_ms: 1.453917
  type: 'test'
  ...
# Subtest: unknown names, external paths, directory mode, and provider errors recover conservatively
ok 178 - unknown names, external paths, directory mode, and provider errors recover conservatively
  ---
  duration_ms: 0.66325
  type: 'test'
  ...
# Subtest: classification failure and a generation change during classification never drop work
ok 179 - classification failure and a generation change during classification never drop work
  ---
  duration_ms: 0.891708
  type: 'test'
  ...
# Subtest: close cancels pending work and drops in-flight classifier completions
ok 180 - close cancels pending work and drops in-flight classifier completions
  ---
  duration_ms: 0.922834
  type: 'test'
  ...
# Subtest: bounded ignore LRU promotes true and false hits and conservatively reclassifies evicted paths
ok 181 - bounded ignore LRU promotes true and false hits and conservatively reclassifies evicted paths
  ---
  duration_ms: 0.816333
  type: 'test'
  ...
# Subtest: ignore cache rejects invalid capacities and bounds a batch larger than its capacity
ok 182 - ignore cache rejects invalid capacities and bounds a batch larger than its capacity
  ---
  duration_ms: 1.95925
  type: 'test'
  ...
# Subtest: ls-files stage parser retains hidden worktree-presence flags
ok 183 - ls-files stage parser retains hidden worktree-presence flags
  ---
  duration_ms: 1.665959
  type: 'test'
  ...
# Subtest: commit machine formats preserve control characters and unambiguous paths
ok 184 - commit machine formats preserve control characters and unambiguous paths
  ---
  duration_ms: 0.27325
  type: 'test'
  ...
# Subtest: porcelain v2 parser preserves spaces, tabs, unicode, renames, and conflicts
ok 185 - porcelain v2 parser preserves spaces, tabs, unicode, renames, and conflicts
  ---
  duration_ms: 0.146833
  type: 'test'
  ...
# Subtest: combined raw and numstat output preserves metadata, stats, and unusual paths
ok 186 - combined raw and numstat output preserves metadata, stats, and unusual paths
  ---
  duration_ms: 0.236042
  type: 'test'
  ...
# Subtest: a silent handshake expires and close settles without an abandoned connection
ok 187 - a silent handshake expires and close settles without an abandoned connection
  ---
  duration_ms: 129.817791
  type: 'test'
  ...
# Subtest: initial connection sends exactly one repository subscription
ok 188 - initial connection sends exactly one repository subscription
  ---
  duration_ms: 3.535167
  type: 'test'
  ...
# Subtest: blocked client controls wait for drain and then flush in order
ok 189 - blocked client controls wait for drain and then flush in order
  ---
  duration_ms: 12.1195
  type: 'test'
  ...
# Subtest: blocked client controls enforce the count bound and release pending requests
ok 190 - blocked client controls enforce the count bound and release pending requests
  ---
  duration_ms: 22.889833
  type: 'test'
  ...
# Subtest: blocked client controls enforce the bytes bound and release pending requests
ok 191 - blocked client controls enforce the bytes bound and release pending requests
  ---
  duration_ms: 19.327125
  type: 'test'
  ...
# Subtest: disconnect retains stale state and retries beyond a failed connection window
ok 192 - disconnect retains stale state and retries beyond a failed connection window
  ---
  duration_ms: 117.317542
  type: 'test'
  ...
# Subtest: a coordinator that never drains is disconnected at the blocked-write deadline
ok 193 - a coordinator that never drains is disconnected at the blocked-write deadline
  ---
  duration_ms: 35.908292
  type: 'test'
  ...
# Subtest: unanswered requests time out and do not make unsubscribe or client close hang
ok 194 - unanswered requests time out and do not make unsubscribe or client close hang
  ---
  duration_ms: 47.060208
  type: 'test'
  ...
# Subtest: closing before connect finishes destroys the arriving socket and suppresses state
ok 195 - closing before connect finishes destroys the arriving socket and suppresses state
  ---
  duration_ms: 2.209292
  type: 'test'
  ...
# Subtest: an initial retry keeps a standalone process alive until ready settles
ok 196 - an initial retry keeps a standalone process alive until ready settles
  ---
  duration_ms: 195.65325
  type: 'test'
  ...
# Subtest: an independent Node client connects successfully after its initial refusal
ok 197 - an independent Node client connects successfully after its initial refusal
  ---
  duration_ms: 119.361167
  type: 'test'
  ...
# Subtest: coordinator transport drains controls in order and enforces blocked-write bounds
ok 198 - coordinator transport drains controls in order and enforces blocked-write bounds
  ---
  duration_ms: 15.925459
  type: 'test'
  ...
# Subtest: eight socket clients share one engine build and one edit build
ok 199 - eight socket clients share one engine build and one edit build
  ---
  duration_ms: 43.312542
  type: 'test'
  ...
# Subtest: a disconnected client resubscribes and maps a restarted engine to a fresh local generation
ok 200 - a disconnected client resubscribes and maps a restarted engine to a fresh local generation
  ---
  duration_ms: 39.669291
  type: 'test'
  ...
# Subtest: host refresh suppresses unchanged context and reconnect follows a moved rail terminal
ok 201 - host refresh suppresses unchanged context and reconnect follows a moved rail terminal
  ---
  duration_ms: 49.003167
  type: 'test'
  ...
# Subtest: a non-repository engine migrates to the Git identity when a late client joins
ok 202 - a non-repository engine migrates to the Git identity when a late client joins
  ---
  duration_ms: 292.422958
  type: 'test'
  ...
# Subtest: relocated Git metadata gets a distinct engine instead of relabeling an active context
ok 203 - relocated Git metadata gets a distinct engine instead of relabeling an active context
  ---
  duration_ms: 724.866916
  type: 'test'
  ...
# Subtest: an unencodable snapshot is typed and remains non-shareable for that engine key
ok 204 - an unencodable snapshot is typed and remains non-shareable for that engine key
  ---
  duration_ms: 2.771417
  type: 'test'
  ...
# Subtest: atomic launch claims allow one child and reclaim a dead owner
ok 205 - atomic launch claims allow one child and reclaim a dead owner
  ---
  duration_ms: 40.963792
  type: 'test'
  ...
# Subtest: the thin launcher starts one real daemon and records its complete lifecycle
ok 206 - the thin launcher starts one real daemon and records its complete lifecycle
  ---
  duration_ms: 3197.075708
  type: 'test'
  ...
# Subtest: a client that disconnects while its repository identity resolves leaves the coordinator idle
ok 207 - a client that disconnects while its repository identity resolves leaves the coordinator idle
  ---
  duration_ms: 12.999208
  type: 'test'
  ...
# Subtest: a repository subscription closed while it starts is never registered
ok 208 - a repository subscription closed while it starts is never registered
  ---
  duration_ms: 26.667333
  type: 'test'
  ...
# Subtest: effective Git environment is deterministic, conservative, and excludes resolved SideRail inputs
ok 209 - effective Git environment is deterministic, conservative, and excludes resolved SideRail inputs
  ---
  duration_ms: 1.421458
  type: 'test'
  ...
# Subtest: Git executable identity resolves PATH to canonical file identity
ok 210 - Git executable identity resolves PATH to canonical file identity
  ---
  duration_ms: 5.322708
  type: 'test'
  ...
# Subtest: code fingerprint covers canonical checkout path, runtime paths, and bytes
ok 211 - code fingerprint covers canonical checkout path, runtime paths, and bytes
  ---
  duration_ms: 11.694375
  type: 'test'
  ...
# Subtest: coordinator namespace separates user, host session, code, and Git-impact environment
ok 212 - coordinator namespace separates user, host session, code, and Git-impact environment
  ---
  duration_ms: 2.789416
  type: 'test'
  ...
# Subtest: effective runtime semantics include immutable environment overrides only
ok 213 - effective runtime semantics include immutable environment overrides only
  ---
  duration_ms: 0.202167
  type: 'test'
  ...
# Subtest: private runtime paths are mode 0700, short, stable, and do not claim the lease
ok 214 - private runtime paths are mode 0700, short, stable, and do not claim the lease
  ---
  duration_ms: 2.5405
  type: 'test'
  ...
# Subtest: unsafe configured runtime directories and symlinks are never used
ok 215 - unsafe configured runtime directories and symlinks are never used
  ---
  duration_ms: 1.610084
  type: 'test'
  ...
# Subtest: repository identity shares subdirectories and resolves a relative alternate index from worktree root
ok 216 - repository identity shares subdirectories and resolves a relative alternate index from worktree root
  ---
  duration_ms: 187.257209
  type: 'test'
  ...
# Subtest: linked worktrees have distinct per-worktree Git dirs and one common Git dir
ok 217 - linked worktrees have distinct per-worktree Git dirs and one common Git dir
  ---
  duration_ms: 181.15275
  type: 'test'
  ...
# Subtest: ordinary non-repositories use canonical filesystem identity
ok 218 - ordinary non-repositories use canonical filesystem identity
  ---
  duration_ms: 29.973083
  type: 'test'
  ...
# Subtest: missing executables and ambiguous environment values fail explicitly
ok 219 - missing executables and ambiguous environment values fail explicitly
  ---
  duration_ms: 0.423792
  type: 'test'
  ...
# Subtest: malformed namespace inputs cannot collapse incompatible coordinators
ok 220 - malformed namespace inputs cannot collapse incompatible coordinators
  ---
  duration_ms: 0.395583
  type: 'test'
  ...
# Subtest: runtime paths reject wrong ownership, inaccessible filesystems, and excessive socket lengths
ok 221 - runtime paths reject wrong ownership, inaccessible filesystems, and excessive socket lengths
  ---
  duration_ms: 0.241375
  type: 'test'
  ...
# Subtest: executable and code identity failures are typed instead of borrowing another context
ok 222 - executable and code identity failures are typed instead of borrowing another context
  ---
  duration_ms: 0.273
  type: 'test'
  ...
# Subtest: ambiguous repository responses fail before a potentially incorrect shared snapshot
ok 223 - ambiguous repository responses fail before a potentially incorrect shared snapshot
  ---
  duration_ms: 0.298459
  type: 'test'
  ...
# Subtest: only Git's own exit marks a directory as outside Git
ok 224 - only Git's own exit marks a directory as outside Git
  ---
  duration_ms: 3.721458
  type: 'test'
  ...
# Subtest: snapshot codec preserves only the schema-declared Map and own-property presence
ok 225 - snapshot codec preserves only the schema-declared Map and own-property presence
  ---
  duration_ms: 2.412334
  type: 'test'
  ...
# Subtest: snapshot codec preserves an empty commit path Map
ok 226 - snapshot codec preserves an empty commit path Map
  ---
  duration_ms: 0.216917
  type: 'test'
  ...
# Subtest: snapshot codec rejects arbitrary Maps, cycles, tags, and forged undefined paths
ok 227 - snapshot codec rejects arbitrary Maps, cycles, tags, and forged undefined paths
  ---
  duration_ms: 0.454875
  type: 'test'
  ...
# Subtest: four-byte framing handles split headers, split payloads, and multiple frames
ok 228 - four-byte framing handles split headers, split payloads, and multiple frames
  ---
  duration_ms: 0.75225
  type: 'test'
  ...
# Subtest: frame decoder rejects oversize, malformed, and truncated frames and can reset
ok 229 - frame decoder rejects oversize, malformed, and truncated frames and can reset
  ---
  duration_ms: 0.24375
  type: 'test'
  ...
# Subtest: frame encoder enforces the caller-selected bound
ok 230 - frame encoder enforces the caller-selected bound
  ---
  duration_ms: 0.089792
  type: 'test'
  ...
# Subtest: client validator accepts typed repository and host requests
ok 231 - client validator accepts typed repository and host requests
  ---
  duration_ms: 0.290541
  type: 'test'
  ...
# Subtest: validators reject unknown fields and command or environment injection
ok 232 - validators reject unknown fields and command or environment injection
  ---
  duration_ms: 0.1995
  type: 'test'
  ...
# Subtest: server validator accepts encoded repository and exact host deliveries
ok 233 - server validator accepts encoded repository and exact host deliveries
  ---
  duration_ms: 0.262625
  type: 'test'
  ...
# Subtest: typed wire messages reject malformed scalar fields and contradictory responses
ok 234 - typed wire messages reject malformed scalar fields and contradictory responses
  ---
  duration_ms: 0.257917
  type: 'test'
  ...
# Subtest: snapshot schema rejects forged Maps and restores nested undefined without prototype mutation
ok 235 - snapshot schema rejects forged Maps and restores nested undefined without prototype mutation
  ---
  duration_ms: 0.353
  type: 'test'
  ...
# Subtest: framing rejects invalid limits, unserializable messages, and zero-length frames
ok 236 - framing rejects invalid limits, unserializable messages, and zero-length frames
  ---
  duration_ms: 0.190416
  type: 'test'
  ...
# Subtest: runtime namespace follows immutable env overrides while config-file edits stay in one namespace
ok 237 - runtime namespace follows immutable env overrides while config-file edits stay in one namespace
  ---
  duration_ms: 48.63275
  type: 'test'
  ...
# Subtest: process start identity uses an absolute system command independent of PATH
ok 238 - process start identity uses an absolute system command independent of PATH
  ---
  duration_ms: 0.895666
  type: 'test'
  ...
# Subtest: runtime rejects mismatched identity and lost launch leases before binding
ok 239 - runtime rejects mismatched identity and lost launch leases before binding
  ---
  duration_ms: 4.776833
  type: 'test'
  ...
# Subtest: runtime owns signal, coordinator, socket, owner, and lease cleanup
ok 240 - runtime owns signal, coordinator, socket, owner, and lease cleanup
  ---
  duration_ms: 7.805542
  type: 'test'
  ...
# Subtest: process identity rejects unsupported and empty results
ok 241 - process identity rejects unsupported and empty results
  ---
  duration_ms: 0.130042
  type: 'test'
  ...
# Subtest: idle shutdown rechecks new clients, and listen failures release owned resources
ok 242 - idle shutdown rechecks new clients, and listen failures release owned resources
  ---
  duration_ms: 25.134834
  type: 'test'
  ...
# Subtest: shutdown errors reject completion and a changed lease is never removed
ok 243 - shutdown errors reject completion and a changed lease is never removed
  ---
  duration_ms: 19.360958
  type: 'test'
  ...
# Subtest: cwd-dependent executable and config environments explicitly remain in process
ok 244 - cwd-dependent executable and config environments explicitly remain in process
  ---
  duration_ms: 0.266833
  type: 'test'
  ...
# Subtest: an asynchronous watcher error closes only that watcher and reaches recovery
ok 245 - an asynchronous watcher error closes only that watcher and reaches recovery
  ---
  duration_ms: 0.927792
  type: 'test'
  ...
# Subtest: the release witness can isolate the recovery poll from filesystem watchers
ok 246 - the release witness can isolate the recovery poll from filesystem watchers
  ---
  duration_ms: 0.196333
  type: 'test'
  ...
# Subtest: git watcher resolves and deduplicates per-worktree and common git directories
ok 247 - git watcher resolves and deduplicates per-worktree and common git directories
  ---
  duration_ms: 2.862333
  type: 'test'
  ...
# Subtest: git watcher never runs Git for an empty repository root
ok 248 - git watcher never runs Git for an empty repository root
  ---
  duration_ms: 0.093375
  type: 'test'
  ...
# Subtest: session snapshot uses one documented socket request
ok 249 - session snapshot uses one documented socket request
  ---
  duration_ms: 1.539083
  type: 'test'
  ...
# Subtest: one source shares its initial snapshot and publishes semantic changes only
ok 250 - one source shares its initial snapshot and publishes semantic changes only
  ---
  duration_ms: 0.70625
  type: 'test'
  ...
# Subtest: concurrent refresh requests queue one follow-up without overlapping snapshots
ok 251 - concurrent refresh requests queue one follow-up without overlapping snapshots
  ---
  duration_ms: 2.456208
  type: 'test'
  ...
# Subtest: fallback cadence is one snapshot per completed interval and stops without subscribers
ok 252 - fallback cadence is one snapshot per completed interval and stops without subscribers
  ---
  duration_ms: 0.46025
  type: 'test'
  ...
# Subtest: snapshot failure is explicit, retains no false context, and schedules retry
ok 253 - snapshot failure is explicit, retains no false context, and schedules retry
  ---
  duration_ms: 0.228209
  type: 'test'
  ...
# Subtest: a listener failure is isolated from other subscribers and future polling
ok 254 - a listener failure is isolated from other subscribers and future polling
  ---
  duration_ms: 0.151417
  type: 'test'
  ...
# Subtest: default host source uses the socket and its timer without launching a CLI
ok 255 - default host source uses the socket and its timer without launching a CLI
  ---
  duration_ms: 57.114417
  type: 'test'
  ...
# Subtest: host response validation fails explicitly and inactive queued refreshes settle
ok 256 - host response validation fails explicitly and inactive queued refreshes settle
  ---
  duration_ms: 0.299125
  type: 'test'
  ...
# Subtest: content selection follows each tab's focused pane and ignores SideRail panes
ok 257 - content selection follows each tab's focused pane and ignores SideRail panes
  ---
  duration_ms: 0.771583
  type: 'test'
  ...
# Subtest: live cwd resolution is scoped to the rail's own tab
ok 258 - live cwd resolution is scoped to the rail's own tab
  ---
  duration_ms: 0.892792
  type: 'test'
  ...
# Subtest: a focused SideRail Demo never becomes the main rail's content source
ok 259 - a focused SideRail Demo never becomes the main rail's content source
  ---
  duration_ms: 0.182083
  type: 'test'
  ...
# Subtest: a stored SideRail Demo source is discarded in favor of real tab content
ok 260 - a stored SideRail Demo source is discarded in favor of real tab content
  ---
  duration_ms: 0.245958
  type: 'test'
  ...
# Subtest: a moved rail resolves cwd from its current workspace instead of its launch workspace
ok 261 - a moved rail resolves cwd from its current workspace instead of its launch workspace
  ---
  duration_ms: 0.213584
  type: 'test'
  ...
# Subtest: snapshot context follows a moved rail by terminal identity and reports visibility
ok 262 - snapshot context follows a moved rail by terminal identity and reports visibility
  ---
  duration_ms: 0.170167
  type: 'test'
  ...
# Subtest: snapshot context distinguishes hidden and no-content rails
ok 263 - snapshot context distinguishes hidden and no-content rails
  ---
  duration_ms: 0.101875
  type: 'test'
  ...
# Subtest: configured sidebar width shrinks a new right split to exact columns
ok 264 - configured sidebar width shrinks a new right split to exact columns
  ---
  duration_ms: 1.05625
  type: 'test'
  ...
# Subtest: configured width never takes more than half a narrow split
ok 265 - configured width never takes more than half a narrow split
  ---
  duration_ms: 0.170375
  type: 'test'
  ...
# Subtest: configured width respects Herdr's minimum split ratio
ok 266 - configured width respects Herdr's minimum split ratio
  ---
  duration_ms: 0.184041
  type: 'test'
  ...
# Subtest: sidebar resize uses Herdr layout and pane APIs without changing focus
ok 267 - sidebar resize uses Herdr layout and pane APIs without changing focus
  ---
  duration_ms: 1.021333
  type: 'test'
  ...
# Subtest: orphaned pane locks are recovered instead of suppressing auto-open
ok 268 - orphaned pane locks are recovered instead of suppressing auto-open
  ---
  duration_ms: 9.957125
  type: 'test'
  ...
# Subtest: a live lock cannot be age-evicted or released by an earlier owner
ok 269 - a live lock cannot be age-evicted or released by an earlier owner
  ---
  duration_ms: 110.448833
  type: 'test'
  ...
# Subtest: an orphaned reclaimer cannot permanently wedge a pane lock
ok 270 - an orphaned reclaimer cannot permanently wedge a pane lock
  ---
  duration_ms: 4.27325
  type: 'test'
  ...
# Subtest: current and older-spelling rails are adopted, deduplicated, and never reopened from themselves
ok 271 - current and older-spelling rails are adopted, deduplicated, and never reopened from themselves
  ---
  duration_ms: 5.42975
  type: 'test'
  ...
# Subtest: toggle closes only the verified SideRail rail and clears its tab state
ok 272 - toggle closes only the verified SideRail rail and clears its tab state
  ---
  duration_ms: 5.174334
  type: 'test'
  ...
# Subtest: toggle opens a rail when the current tab has none
ok 273 - toggle opens a rail when the current tab has none
  ---
  duration_ms: 4.89375
  type: 'test'
  ...
# Subtest: automatic ensure uses a safe outer-right split without layout staging
ok 274 - automatic ensure uses a safe outer-right split without layout staging
  ---
  duration_ms: 4.750333
  type: 'test'
  ...
# Subtest: legacy rails are replaced at the right edge using the tab-focused source cwd
ok 275 - legacy rails are replaced at the right edge using the tab-focused source cwd
  ---
  duration_ms: 4.535875
  type: 'test'
  ...
# Subtest: legacy migration open failure retains the verified legacy rail
ok 276 - legacy migration open failure retains the verified legacy rail
  ---
  duration_ms: 4.994292
  type: 'test'
  ...
# Subtest: automatic ensure adopts a middle rail without rearranging user panes
ok 277 - automatic ensure adopts a middle rail without rearranging user panes
  ---
  duration_ms: 54.705667
  type: 'test'
  ...
# Subtest: rightmost placement is independent of pane listing order
ok 278 - rightmost placement is independent of pane listing order
  ---
  duration_ms: 0.189041
  type: 'test'
  ...
# SideRail open skipped tab w1:t1 because an outer-right split is not safe
# Subtest: automatic ensure skips an unsafe vertical layout without staging or opening
ok 279 - automatic ensure skips an unsafe vertical layout without staging or opening
  ---
  duration_ms: 24.053958
  type: 'test'
  ...
# SideRail open skipped tab w1:t1 because an outer-right split is not safe
# Subtest: manual open also skips an unsafe vertical layout without rearranging user panes
ok 280 - manual open also skips an unsafe vertical layout without rearranging user panes
  ---
  duration_ms: 5.58125
  type: 'test'
  ...
# SideRail open skipped tab w1:t1 because an outer-right split is not safe
# Subtest: manual open retains an existing verified rail when replacement is unsafe
ok 281 - manual open retains an existing verified rail when replacement is unsafe
  ---
  duration_ms: 5.32325
  type: 'test'
  ...
# Subtest: manual replace retargets an existing rail while ensure adopts it
ok 282 - manual replace retargets an existing rail while ensure adopts it
  ---
  duration_ms: 10.248917
  type: 'test'
  ...
# Subtest: replacement open failure retains the existing verified rail
ok 283 - replacement open failure retains the existing verified rail
  ---
  duration_ms: 7.479333
  type: 'test'
  ...
# Subtest: replace compensates the new pane when the owned rail cannot close
ok 284 - replace compensates the new pane when the owned rail cannot close
  ---
  duration_ms: 8.219166
  type: 'test'
  ...
# Subtest: zoomed tabs are unzoomed for replacement and restored afterward
ok 285 - zoomed tabs are unzoomed for replacement and restored afterward
  ---
  duration_ms: 4.612458
  type: 'test'
  ...
# Subtest: SideRail Demo panes use entrypoint-specific identity instead of accumulating
ok 286 - SideRail Demo panes use entrypoint-specific identity instead of accumulating
  ---
  duration_ms: 4.147042
  type: 'test'
  ...
# Subtest: a SideRail Demo pane cannot become the main rail's content source
ok 287 - a SideRail Demo pane cannot become the main rail's content source
  ---
  duration_ms: 2.324042
  type: 'test'
  ...
# Subtest: a user pane renamed like SideRail is never treated as plugin-owned
ok 288 - a user pane renamed like SideRail is never treated as plugin-owned
  ---
  duration_ms: 3.067084
  type: 'test'
  ...
# Subtest: ownership inspection failure aborts instead of opening a duplicate rail
ok 289 - ownership inspection failure aborts instead of opening a duplicate rail
  ---
  duration_ms: 6.061958
  type: 'test'
  ...
# Subtest: an invalid plugin-open pane id is never moved into the target tab
ok 290 - an invalid plugin-open pane id is never moved into the target tab
  ---
  duration_ms: 2.384791
  type: 'test'
  ...
# Subtest: closed-tab cleanup removes state and orphan locks only for that tab
ok 291 - closed-tab cleanup removes state and orphan locks only for that tab
  ---
  duration_ms: 7.85475
  type: 'test'
  ...
# Subtest: verified orphan plugin panes fall back to generic close only for plugin_pane_not_found
ok 292 - verified orphan plugin panes fall back to generic close only for plugin_pane_not_found
  ---
  duration_ms: 1.598666
  type: 'test'
  ...
# Subtest: other plugin close failures never broaden into generic pane closure
ok 293 - other plugin close failures never broaden into generic pane closure
  ---
  duration_ms: 0.403
  type: 'test'
  ...
# Subtest: requestHerdr sends NDJSON and returns the matching result
ok 294 - requestHerdr sends NDJSON and returns the matching result
  ---
  duration_ms: 7.227
  type: 'test'
  ...
# Subtest: subscribeHerdr preserves pushed event order after its acknowledgement
ok 295 - subscribeHerdr preserves pushed event order after its acknowledgement
  ---
  duration_ms: 1.813709
  type: 'test'
  ...
# Subtest: event names normalize from emitted snake_case to subscription dot notation
ok 296 - event names normalize from emitted snake_case to subscription dot notation
  ---
  duration_ms: 0.109333
  type: 'test'
  ...
# Subtest: requestHerdr surfaces structured server errors
ok 297 - requestHerdr surfaces structured server errors
  ---
  duration_ms: 2.877042
  type: 'test'
  ...
# Subtest: a timed-out event wait does not consume the next event
ok 298 - a timed-out event wait does not consume the next event
  ---
  duration_ms: 12.752125
  type: 'test'
  ...
# Subtest: invalid and oversized response lines reject without crashing the process
    # Subtest: invalid JSON
    ok 1 - invalid JSON
      ---
      duration_ms: 2.485625
      type: 'test'
      ...
    # Subtest: oversized complete line
    ok 2 - oversized complete line
      ---
      duration_ms: 2.12275
      type: 'test'
      ...
    1..2
ok 299 - invalid and oversized response lines reject without crashing the process
  ---
  duration_ms: 5.930125
  type: 'test'
  ...
# Subtest: a cmux Dock never inherits Herdr workspace, pane, or tab identity
ok 300 - a cmux Dock never inherits Herdr workspace, pane, or tab identity
  ---
  duration_ms: 1.579167
  type: 'test'
  ...
# Subtest: a cmux Dock without a project cwd falls back to its own directory, never a Herdr one
ok 301 - a cmux Dock without a project cwd falls back to its own directory, never a Herdr one
  ---
  duration_ms: 0.1285
  type: 'test'
  ...
# Subtest: a Herdr pane never inherits cmux Dock identity
ok 302 - a Herdr pane never inherits cmux Dock identity
  ---
  duration_ms: 0.10125
  type: 'test'
  ...
# Subtest: Herdr identity prefers explicit overrides, then plugin context, then ambient variables
ok 303 - Herdr identity prefers explicit overrides, then plugin context, then ambient variables
  ---
  duration_ms: 0.089959
  type: 'test'
  ...
# Subtest: an explicit repo root still overrides a cmux Dock project directory
ok 304 - an explicit repo root still overrides a cmux Dock project directory
  ---
  duration_ms: 0.051083
  type: 'test'
  ...
# Subtest: a malformed or non-object Herdr plugin context degrades to no context
ok 305 - a malformed or non-object Herdr plugin context degrades to no context
  ---
  duration_ms: 0.080708
  type: 'test'
  ...
# Subtest: blank and whitespace-only host variables are treated as absent
ok 306 - blank and whitespace-only host variables are treated as absent
  ---
  duration_ms: 0.052833
  type: 'test'
  ...
# Subtest: an unknown host is treated as Herdr rather than granting Dock identity
ok 307 - an unknown host is treated as Herdr rather than granting Dock identity
  ---
  duration_ms: 0.053959
  type: 'test'
  ...
# Subtest: package info comes from the install's own package.json
ok 308 - package info comes from the install's own package.json
  ---
  duration_ms: 1.006375
  type: 'test'
  ...
# Subtest: Herdr setup links once, is idempotent, and moves a stale local link
ok 309 - Herdr setup links once, is idempotent, and moves a stale local link
  ---
  duration_ms: 0.936333
  type: 'test'
  ...
# Subtest: Herdr setup refuses to replace a GitHub-managed install and rejects malformed listings
ok 310 - Herdr setup refuses to replace a GitHub-managed install and rejects malformed listings
  ---
  duration_ms: 0.322584
  type: 'test'
  ...
# Subtest: Herdr plugin lookup normalizes unexpected field types
ok 311 - Herdr plugin lookup normalizes unexpected field types
  ---
  duration_ms: 0.1825
  type: 'test'
  ...
# Subtest: Herdr ownership check only accepts a local link at this install
ok 312 - Herdr ownership check only accepts a local link at this install
  ---
  duration_ms: 0.273667
  type: 'test'
  ...
# Subtest: the Dock control quotes install paths for cmux's login shell
ok 313 - the Dock control quotes install paths for cmux's login shell
  ---
  duration_ms: 0.296
  type: 'test'
  ...
# Subtest: the global Dock config lives under HOME
ok 314 - the global Dock config lives under HOME
  ---
  duration_ms: 0.10325
  type: 'test'
  ...
# Subtest: cmux setup creates, preserves, updates, and removes only its own control
ok 315 - cmux setup creates, preserves, updates, and removes only its own control
  ---
  duration_ms: 4.726125
  type: 'test'
  ...
# Subtest: cmux setup never overwrites an unrelated control or malformed config
ok 316 - cmux setup never overwrites an unrelated control or malformed config
  ---
  duration_ms: 2.742667
  type: 'test'
  ...
# Subtest: cmux config read errors other than a missing file surface
ok 317 - cmux config read errors other than a missing file surface
  ---
  duration_ms: 1.895334
  type: 'test'
  ...
# Subtest: only the exact generated command is recognized as a SideRail control
ok 318 - only the exact generated command is recognized as a SideRail control
  ---
  duration_ms: 3.070459
  type: 'test'
  ...
# Subtest: an install path containing a quote round-trips through setup and uninstall
ok 319 - an install path containing a quote round-trips through setup and uninstall
  ---
  duration_ms: 2.708416
  type: 'test'
  ...
# Subtest: a swapped install is reported only after its tree settles across two ticks
ok 320 - a swapped install is reported only after its tree settles across two ticks
  ---
  duration_ms: 7.166834
  type: 'test'
  ...
# Subtest: the cmux launch waits for its own bootstrap, not only the rail it imports
ok 321 - the cmux launch waits for its own bootstrap, not only the rail it imports
  ---
  duration_ms: 3.647
  type: 'test'
  ...
# Subtest: an empty source tree or a directory in place of an entrypoint is not ready
ok 322 - an empty source tree or a directory in place of an entrypoint is not ready
  ---
  duration_ms: 3.267542
  type: 'test'
  ...
# Subtest: files changing inside a stable checkout never trigger a restart
ok 323 - files changing inside a stable checkout never trigger a restart
  ---
  duration_ms: 2.154958
  type: 'test'
  ...
# Subtest: a rail whose launcher died is reported orphaned instead of lingering
ok 324 - a rail whose launcher died is reported orphaned instead of lingering
  ---
  duration_ms: 1.52775
  type: 'test'
  ...
# Subtest: an explicit launch identity is the baseline, so an early swap is still detected
ok 325 - an explicit launch identity is the baseline, so an early swap is still detected
  ---
  duration_ms: 2.727208
  type: 'test'
  ...
# Subtest: launch entrypoints include the launched script inside the install and always the rail
ok 326 - launch entrypoints include the launched script inside the install and always the rail
  ---
  duration_ms: 0.90925
  type: 'test'
  ...
# Subtest: the launch context is captured from this package when the module loads
ok 327 - the launch context is captured from this package when the module loads
  ---
  duration_ms: 0.164083
  type: 'test'
  ...
# Subtest: the default timer is real and unreferenced
ok 328 - the default timer is real and unreferenced
  ---
  duration_ms: 2.038208
  type: 'test'
  ...
# Subtest: worktree presence validation checks only candidates and stops at its budget
ok 329 - worktree presence validation checks only candidates and stops at its budget
  ---
  duration_ms: 1.829542
  type: 'test'
  ...
# Subtest: fixture state is derived by the production provider
ok 330 - fixture state is derived by the production provider
  ---
  duration_ms: 568.752667
  type: 'test'
  ...
# Subtest: linked worktrees report the common repository name separately from the branch
ok 331 - linked worktrees report the common repository name separately from the branch
  ---
  duration_ms: 357.499542
  type: 'test'
  ...
# Subtest: provider resolves branch Git config after explicit bases and validates it as a commit
ok 332 - provider resolves branch Git config after explicit bases and validates it as a commit
  ---
  duration_ms: 2103.937916
  type: 'test'
  ...
# Subtest: live branch switches reload configured bases and keep stale local main clean
ok 333 - live branch switches reload configured bases and keep stale local main clean
  ---
  duration_ms: 1642.651417
  type: 'test'
  ...
# Subtest: Files projection follows real committed, staged, unstaged, untracked, and recreated paths
ok 334 - Files projection follows real committed, staged, unstaged, untracked, and recreated paths
  ---
  duration_ms: 694.922417
  type: 'test'
  ...
# Subtest: inspection leaves HEAD, refs, index, status, and worktree bytes unchanged
ok 335 - inspection leaves HEAD, refs, index, status, and worktree bytes unchanged
  ---
  duration_ms: 515.913959
  type: 'test'
  ...
# Subtest: refresh and commit details use one exact-copy diff scan per comparison
ok 336 - refresh and commit details use one exact-copy diff scan per comparison
  ---
  duration_ms: 392.613292
  type: 'test'
  ...
# Subtest: non-repository directories provide a bounded filesystem Files state
ok 337 - non-repository directories provide a bounded filesystem Files state
  ---
  duration_ms: 77.778709
  type: 'test'
  ...
# Subtest: configured bases must resolve to commits and never silently fall back
ok 338 - configured bases must resolve to commits and never silently fall back
  ---
  duration_ms: 341.893292
  type: 'test'
  ...
# Subtest: a configured base with unrelated history never masquerades as a merge base
ok 339 - a configured base with unrelated history never masquerades as a merge base
  ---
  duration_ms: 285.624542
  type: 'test'
  ...
# Subtest: invalid UTF-8 in display-only commit metadata does not hide repository state
ok 340 - invalid UTF-8 in display-only commit metadata does not hide repository state
  ---
  duration_ms: 367.392333
  type: 'test'
  ...
# Subtest: non-UTF-8 Git paths fail visibly instead of collapsing identities
ok 341 - non-UTF-8 Git paths fail visibly instead of collapsing identities # SKIP
  ---
  duration_ms: 0.061041
  type: 'test'
  ...
# Subtest: Against Raw uses the same merge base as its diff after branches diverge
ok 342 - Against Raw uses the same merge base as its diff after branches diverge
  ---
  duration_ms: 460.002709
  type: 'test'
  ...
# Subtest: staged copy identity and colon-prefixed index paths remain exact
ok 343 - staged copy identity and colon-prefixed index paths remain exact
  ---
  duration_ms: 328.138542
  type: 'test'
  ...
# Subtest: exact-revision materialization preserves bounded binary bytes for viewers
ok 344 - exact-revision materialization preserves bounded binary bytes for viewers
  ---
  duration_ms: 78.608417
  type: 'test'
  ...
# Subtest: staged, unstaged, against, commit, untracked, and clean descriptors are independent
ok 345 - staged, unstaged, against, commit, untracked, and clean descriptors are independent
  ---
  duration_ms: 492.140041
  type: 'test'
  ...
# Subtest: raw preview identifies revisions and rejects escaping symlinks
ok 346 - raw preview identifies revisions and rejects escaping symlinks
  ---
  duration_ms: 168.276917
  type: 'test'
  ...
# Subtest: missing worktree content never falls back unless the selected state is deleted
ok 347 - missing worktree content never falls back unless the selected state is deleted
  ---
  duration_ms: 85.027209
  type: 'test'
  ...
# Subtest: provider handles unborn and detached repositories plus unusual renamed paths
ok 348 - provider handles unborn and detached repositories plus unusual renamed paths
  ---
  duration_ms: 888.579083
  type: 'test'
  ...
# Subtest: rename pathspecs preserve identity in every diff scope
ok 349 - rename pathspecs preserve identity in every diff scope
  ---
  duration_ms: 0.165125
  type: 'test'
  ...
# Subtest: rename and copy previews retain Git identity across against, workspace, commit, and staged views
ok 350 - rename and copy previews retain Git identity across against, workspace, commit, and staged views
  ---
  duration_ms: 503.184792
  type: 'test'
  ...
# Subtest: commit history and file details use one explicit first-parent comparison
ok 351 - commit history and file details use one explicit first-parent comparison
  ---
  duration_ms: 514.002208
  type: 'test'
  ...
# Subtest: untracked text line counts match Git numstat semantics
ok 352 - untracked text line counts match Git numstat semantics
  ---
  duration_ms: 295.897958
  type: 'test'
  ...
# Subtest: untracked statistics stop at an aggregate inspection budget
ok 353 - untracked statistics stop at an aggregate inspection budget
  ---
  duration_ms: 332.141334
  type: 'test'
  ...
# Subtest: clean tracked files retain symlink and executable metadata
ok 354 - clean tracked files retain symlink and executable metadata
  ---
  duration_ms: 276.555458
  type: 'test'
  ...
# Subtest: unstaged type changes use worktree mode rather than index mode
ok 355 - unstaged type changes use worktree mode rather than index mode
  ---
  duration_ms: 273.669333
  type: 'test'
  ...
# Subtest: against-base model retains deletion, rename, copy, executable, and symlink metadata
ok 356 - against-base model retains deletion, rename, copy, executable, and symlink metadata
  ---
  duration_ms: 350.39225
  type: 'test'
  ...
# Subtest: unmerged porcelain state remains an explicit conflict in both scopes
ok 357 - unmerged porcelain state remains an explicit conflict in both scopes
  ---
  duration_ms: 371.873834
  type: 'test'
  ...
# Subtest: raw content limits fail safely before reading unbounded data
ok 358 - raw content limits fail safely before reading unbounded data
  ---
  duration_ms: 157.46775
  type: 'test'
  ...
# Subtest: historical and index blobs receive bounded binary and UTF-8 validation without fallback
ok 359 - historical and index blobs receive bounded binary and UTF-8 validation without fallback
  ---
  duration_ms: 441.092458
  type: 'test'
  ...
# Subtest: non-regular worktree entries are rejected without opening a blocking stream
ok 360 - non-regular worktree entries are rejected without opening a blocking stream
  ---
  duration_ms: 29.00825
  type: 'test'
  ...
# Subtest: commit history is bounded while retaining an exact total
ok 361 - commit history is bounded while retaining an exact total
  ---
  duration_ms: 5457.287084
  type: 'test'
  ...
# Subtest: submodule gitlinks remain first-class canonical metadata
ok 362 - submodule gitlinks remain first-class canonical metadata
  ---
  duration_ms: 1033.378916
  type: 'test'
  ...
# Subtest: selection follows the same path when a refresh changes its descriptor
ok 363 - selection follows the same path when a refresh changes its descriptor
  ---
  duration_ms: 0.812625
  type: 'test'
  ...
# Subtest: Files view combines base-branch diffs with grey unchanged files
ok 364 - Files view combines base-branch diffs with grey unchanged files
  ---
  duration_ms: 7.592042
  type: 'test'
  ...
# Subtest: Files view omits deleted paths but keeps files recreated at the same path
ok 365 - Files view omits deleted paths but keeps files recreated at the same path
  ---
  duration_ms: 0.125375
  type: 'test'
  ...
# Subtest: Files view omits deleted paths when no base comparison is available
ok 366 - Files view omits deleted paths when no base comparison is available
  ---
  duration_ms: 0.064709
  type: 'test'
  ...
# Subtest: Files view omits an indexed addition deleted before its first commit
ok 367 - Files view omits an indexed addition deleted before its first commit
  ---
  duration_ms: 0.060542
  type: 'test'
  ...
# Subtest: canonical clean files preserve tracked mode metadata
ok 368 - canonical clean files preserve tracked mode metadata
  ---
  duration_ms: 0.105375
  type: 'test'
  ...
# Subtest: manifest routes every runtime entrypoint through an absolute shell and launcher
ok 369 - manifest routes every runtime entrypoint through an absolute shell and launcher
  ---
  duration_ms: 3.809959
  type: 'test'
  ...
# Subtest: launcher accepts an absolute Node executable whose path contains spaces
ok 370 - launcher accepts an absolute Node executable whose path contains spaces
  ---
  duration_ms: 136.249708
  type: 'test'
  ...
# Subtest: cmux bootstrap preserves an explicit Node executable through a restricted Dock PATH
ok 371 - cmux bootstrap preserves an explicit Node executable through a restricted Dock PATH
  ---
  duration_ms: 136.011375
  type: 'test'
  ...
# Subtest: direct cmux bootstrap enters a login shell after SideRail exits
ok 372 - direct cmux bootstrap enters a login shell after SideRail exits
  ---
  duration_ms: 394.598625
  type: 'test'
  ...
# Subtest: launcher rejects missing and unsupported Node before running the target
ok 373 - launcher rejects missing and unsupported Node before running the target
  ---
  duration_ms: 161.659041
  type: 'test'
  ...
# Subtest: in-process Node version guard rejects unsupported majors
ok 374 - in-process Node version guard rejects unsupported majors
  ---
  duration_ms: 0.15475
  type: 'test'
  ...
# Subtest: launcher reruns a rail from its launch directory after an install-swap restart
ok 375 - launcher reruns a rail from its launch directory after an install-swap restart
  ---
  duration_ms: 189.73875
  type: 'test'
  ...
# Subtest: a restart that fails while the new install settles is retried until it starts
ok 376 - a restart that fails while the new install settles is retried until it starts
  ---
  duration_ms: 2326.67425
  type: 'test'
  ...
# Subtest: a restart that keeps failing stops after five restarted launches with its own status
ok 377 - a restart that keeps failing stops after five restarted launches with its own status
  ---
  duration_ms: 4467.168166
  type: 'test'
  ...
# Subtest: a first-run failure and a signal after a restart are never retried
ok 378 - a first-run failure and a signal after a restart are never retried
  ---
  duration_ms: 335.887542
  type: 'test'
  ...
# Subtest: launcher does not rerun non-rail entrypoints that exit with the restart status
ok 379 - launcher does not rerun non-rail entrypoints that exit with the restart status
  ---
  duration_ms: 131.151416
  type: 'test'
  ...
# Subtest: preview state is scoped by workspace, source tab, and entrypoint
ok 380 - preview state is scoped by workspace, source tab, and entrypoint
  ---
  duration_ms: 4.503833
  type: 'test'
  ...
# Subtest: opening a preview records it, renames its tab, and closes only a verified stale preview
ok 381 - opening a preview records it, renames its tab, and closes only a verified stale preview
  ---
  duration_ms: 5.717875
  type: 'test'
  ...
# Subtest: reused user pane id is never closed from stale preview state
ok 382 - reused user pane id is never closed from stale preview state
  ---
  duration_ms: 2.736833
  type: 'test'
  ...
# Subtest: wrong workspace is never closed from stale preview state
ok 383 - wrong workspace is never closed from stale preview state
  ---
  duration_ms: 2.294083
  type: 'test'
  ...
# Subtest: unrelated process is never closed from stale preview state
ok 384 - unrelated process is never closed from stale preview state
  ---
  duration_ms: 2.716833
  type: 'test'
  ...
# Subtest: same-named script from another checkout is never closed from stale preview state
ok 385 - same-named script from another checkout is never closed from stale preview state
  ---
  duration_ms: 1.898667
  type: 'test'
  ...
# Subtest: inspection failure leaves the old pane open without hiding the successful new preview
ok 386 - inspection failure leaves the old pane open without hiding the successful new preview
  ---
  duration_ms: 1.85825
  type: 'test'
  ...
# Subtest: malformed open response does not overwrite existing preview ownership
ok 387 - malformed open response does not overwrite existing preview ownership
  ---
  duration_ms: 1.758417
  type: 'test'
  ...
# Subtest: missing stale panes are discarded without a destructive close
ok 388 - missing stale panes are discarded without a destructive close
  ---
  duration_ms: 1.87225
  type: 'test'
  ...
# Subtest: open failure preserves stale ownership and rename failure is only a warning
ok 389 - open failure preserves stale ownership and rename failure is only a warning
  ---
  duration_ms: 2.104166
  type: 'test'
  ...
# Subtest: post-open state failure closes the new pane and preserves old ownership
ok 390 - post-open state failure closes the new pane and preserves old ownership
  ---
  duration_ms: 2.337916
  type: 'test'
  ...
# Subtest: post-open state failure never closes a foreign pane from a malformed open response
ok 391 - post-open state failure never closes a foreign pane from a malformed open response
  ---
  duration_ms: 1.786125
  type: 'test'
  ...
# Subtest: an unwritable preview state root fails inside the guarded lifecycle before opening a pane
ok 392 - an unwritable preview state root fails inside the guarded lifecycle before opening a pane
  ---
  duration_ms: 0.994708
  type: 'test'
  ...
# Subtest: preview search normalizes content once and narrows prior candidates
ok 393 - preview search normalizes content once and narrows prior candidates
  ---
  duration_ms: 1.847417
  type: 'test'
  ...
# Subtest: cached search results retain display columns without another position pass
ok 394 - cached search results retain display columns without another position pass
  ---
  duration_ms: 0.349375
  type: 'test'
  ...
# Subtest: preview search restores cached prefixes, handles Unicode, and resets by content
ok 395 - preview search restores cached prefixes, handles Unicode, and resets by content
  ---
  duration_ms: 0.131459
  type: 'test'
  ...
# Subtest: preview search bounds query and retained candidate memory
ok 396 - preview search bounds query and retained candidate memory
  ---
  duration_ms: 1034.099542
  type: 'test'
  ...
# Subtest: Git status never refreshes the index even when caller options enable optional locks
ok 397 - Git status never refreshes the index even when caller options enable optional locks
  ---
  duration_ms: 87.867375
  type: 'test'
  ...
# Subtest: concurrent Git process contexts keep config and index environments isolated
ok 398 - concurrent Git process contexts keep config and index environments isolated
  ---
  duration_ms: 55.584333
  type: 'test'
  ...
# Subtest: process stdout remains text by default and can preserve exact bytes
ok 399 - process stdout remains text by default and can preserve exact bytes
  ---
  duration_ms: 117.92475
  type: 'test'
  ...
# Subtest: strict process decoding rejects invalid UTF-8 instead of merging byte identities
ok 400 - strict process decoding rejects invalid UTF-8 instead of merging byte identities
  ---
  duration_ms: 59.194959
  type: 'test'
  ...
# Subtest: process input can be supplied as exact bytes
ok 401 - process input can be supplied as exact bytes
  ---
  duration_ms: 59.745666
  type: 'test'
  ...
# Subtest: timeouts settle without waiting for descendants that inherited output pipes
ok 402 - timeouts settle without waiting for descendants that inherited output pipes
  ---
  duration_ms: 52.042167
  type: 'test'
  ...
# Subtest: timeouts terminate descendants in the command process group
ok 403 - timeouts terminate descendants in the command process group
  ---
  duration_ms: 554.652625
  type: 'test'
  ...
# Subtest: abort signals terminate and await the command process group
ok 404 - abort signals terminate and await the command process group
  ---
  duration_ms: 554.220417
  type: 'test'
  ...
# Subtest: hidden rails retain new snapshots without redraw; showing uses cached state without Git
ok 405 - hidden rails retain new snapshots without redraw; showing uses cached state without Git
  ---
  duration_ms: 1.09575
  type: 'test'
  ...
# Subtest: context switches drop late results and no-content state releases the subscription
ok 406 - context switches drop late results and no-content state releases the subscription
  ---
  duration_ms: 0.878334
  type: 'test'
  ...
# Subtest: visible age timer is local only and hidden/closed rails cancel it
ok 407 - visible age timer is local only and hidden/closed rails cancel it
  ---
  duration_ms: 0.155625
  type: 'test'
  ...
# Subtest: startup failure is visible and closing a pending subscription discards completion
ok 408 - startup failure is visible and closing a pending subscription discards completion
  ---
  duration_ms: 0.135959
  type: 'test'
  ...
# Subtest: commit ages advance from absolute author times without another provider read
ok 409 - commit ages advance from absolute author times without another provider read
  ---
  duration_ms: 0.268375
  type: 'test'
  ...
# Subtest: optional UI hooks can be omitted without breaking the subscription lifecycle
ok 410 - optional UI hooks can be omitted without breaking the subscription lifecycle
  ---
  duration_ms: 0.352958
  type: 'test'
  ...
# Subtest: sibling worktrees share the workspace's repository, main checkout first
ok 411 - sibling worktrees share the workspace's repository, main checkout first
  ---
  duration_ms: 3.742792
  type: 'test'
  ...
# Subtest: a worktree resolves by label, workspace id, or checkout path
ok 412 - a worktree resolves by label, workspace id, or checkout path
  ---
  duration_ms: 2.943208
  type: 'test'
  ...
# Subtest: a pinned target replaces the followed cwd until its checkout disappears
ok 413 - a pinned target replaces the followed cwd until its checkout disappears
  ---
  duration_ms: 0.171208
  type: 'test'
  ...
# Subtest: target files round-trip per tab and are removed with their tab or workspace
ok 414 - target files round-trip per tab and are removed with their tab or workspace
  ---
  duration_ms: 6.200333
  type: 'test'
  ...
# Subtest: a rail sees its target file written and removed
ok 415 - a rail sees its target file written and removed
  ---
  duration_ms: 103.892
  type: 'test'
  ...
# Subtest: a pane's checkout is its root and branch, or says why it is unknown
ok 416 - a pane's checkout is its root and branch, or says why it is unknown
  ---
  duration_ms: 1.33325
  type: 'test'
  ...
# Subtest: checkouts compare by real path, not spelling
ok 417 - checkouts compare by real path, not spelling
  ---
  duration_ms: 1.212042
  type: 'test'
  ...
# Subtest: dirty bursts coalesce and retain the two-second start cadence
ok 418 - dirty bursts coalesce and retain the two-second start cadence
  ---
  duration_ms: 2.18925
  type: 'test'
  ...
# Subtest: a dirty event during a read queues exactly one throttled follow-up
ok 419 - a dirty event during a read queues exactly one throttled follow-up
  ---
  duration_ms: 0.402917
  type: 'test'
  ...
# Subtest: a manual request during a read receives one immediate follow-up
ok 420 - a manual request during a read receives one immediate follow-up
  ---
  duration_ms: 0.20225
  type: 'test'
  ...
# Subtest: a due reconciliation covers an already pending dirty event without another read
ok 421 - a due reconciliation covers an already pending dirty event without another read
  ---
  duration_ms: 0.291334
  type: 'test'
  ...
# Subtest: healthy reconciliation and degraded fallback honor maximum jitter bounds
ok 422 - healthy reconciliation and degraded fallback honor maximum jitter bounds
  ---
  duration_ms: 0.41575
  type: 'test'
  ...
# Subtest: runtime interval updates reschedule only when a value changes
ok 423 - runtime interval updates reschedule only when a value changes
  ---
  duration_ms: 0.217334
  type: 'test'
  ...
# Subtest: provider failure retains bounded retry and close aborts owned work
ok 424 - provider failure retains bounded retry and close aborts owned work
  ---
  duration_ms: 0.61925
  type: 'test'
  ...
# Subtest: a 200,000-event dirty burst retains one deferred, deadline, timer and status update
ok 425 - a 200,000-event dirty burst retains one deferred, deadline, timer and status update
  ---
  duration_ms: 18.168417
  type: 'test'
  ...
# Subtest: a large mid-read burst captures a newer generation and settles against the follow-up, never the active dirty read
ok 426 - a large mid-read burst captures a newer generation and settles against the follow-up, never the active dirty read
  ---
  duration_ms: 12.3945
  type: 'test'
  ...
# Subtest: coalesced dirty callers share rejection on provider failure and pending close
ok 427 - coalesced dirty callers share rejection on provider failure and pending close
  ---
  duration_ms: 0.217917
  type: 'test'
  ...
# Subtest: archive member verification rejects local-only and removed artifacts
ok 428 - archive member verification rejects local-only and removed artifacts
  ---
  duration_ms: 1.006541
  type: 'test'
  ...
# Subtest: release evidence binds nine hashed local logs to one candidate
ok 429 - release evidence binds nine hashed local logs to one candidate
  ---
  duration_ms: 18.030208
  type: 'test'
  ...
# Subtest: release evidence rejects failed, stale, mismatched, and malformed local records
ok 430 - release evidence rejects failed, stale, mismatched, and malformed local records
  ---
  duration_ms: 10.153084
  type: 'test'
  ...
# Subtest: repository client stamps immutable tokens and drops closed-context deliveries
ok 431 - repository client stamps immutable tokens and drops closed-context deliveries
  ---
  duration_ms: 1.325458
  type: 'test'
  ...
# Subtest: in-process subscription preserves one engine owner and closes it only when requested
ok 432 - in-process subscription preserves one engine owner and closes it only when requested
  ---
  duration_ms: 1.877042
  type: 'test'
  ...
# Subtest: client close invalidates a subscription whose ready result arrives later
ok 433 - client close invalidates a subscription whose ready result arrives later
  ---
  duration_ms: 0.912
  type: 'test'
  ...
# Subtest: real ignored noise and a sibling index do not rebuild the primary worktree
ok 434 - real ignored noise and a sibling index do not rebuild the primary worktree
  ---
  duration_ms: 2633.892208
  type: 'test'
  ...
# Subtest: real worktree, index, ref, and configuration mutations match the full provider oracle
ok 435 - real worktree, index, ref, and configuration mutations match the full provider oracle
  ---
  duration_ms: 17285.838166
  type: 'test'
  ...
# Subtest: real merge, rebase, cherry-pick, revert, bisect, and sibling-ref transitions stay on the oracle
ok 436 - real merge, rebase, cherry-pick, revert, bisect, and sibling-ref transitions stay on the oracle
  ---
  duration_ms: 10323.052167
  type: 'test'
  ...
# Subtest: quiet reads preserve index bytes and reconciliation repairs failed or replaced watch roots
ok 437 - quiet reads preserve index bytes and reconciliation repairs failed or replaced watch roots
  ---
  duration_ms: 514.682125
  type: 'test'
  ...
# Subtest: an unborn repository becomes a committed repository through native invalidation
ok 438 - an unborn repository becomes a committed repository through native invalidation
  ---
  duration_ms: 1332.94075
  type: 'test'
  ...
# Subtest: a missing-object provider error retains state and bounded fallback recovers it
ok 439 - a missing-object provider error retains state and bounded fallback recovers it
  ---
  duration_ms: 2062.198291
  type: 'test'
  ...
# Subtest: reconciliation repairs a silently lost event and a replaced real watch root
ok 440 - reconciliation repairs a silently lost event and a replaced real watch root
  ---
  duration_ms: 2938.054417
  type: 'test'
  ...
# Subtest: an eligible native event meets the production 125 ms / 2 second latency contract
ok 441 - an eligible native event meets the production 125 ms / 2 second latency contract
  ---
  duration_ms: 2779.431584
  type: 'test'
  ...
# Subtest: repository engine owns startup, subscriptions, manual refresh, and watcher snapshots
ok 442 - repository engine owns startup, subscriptions, manual refresh, and watcher snapshots
  ---
  duration_ms: 3.404709
  type: 'test'
  ...
# Subtest: watcher-reported degraded health is preserved and reconciliation checks roots first
ok 443 - watcher-reported degraded health is preserved and reconciliation checks roots first
  ---
  duration_ms: 0.798041
  type: 'test'
  ...
# Subtest: refresh failure retains the last snapshot and later success clears the error
ok 444 - refresh failure retains the last snapshot and later success clears the error
  ---
  duration_ms: 1.00975
  type: 'test'
  ...
# Subtest: provider config changes update the engine reconciliation interval
ok 445 - provider config changes update the engine reconciliation interval
  ---
  duration_ms: 0.405084
  type: 'test'
  ...
# Subtest: watch invalidation refreshes once and a watcher update failure degrades the delivery
ok 446 - watch invalidation refreshes once and a watcher update failure degrades the delivery
  ---
  duration_ms: 0.380084
  type: 'test'
  ...
# Subtest: watch factory failure degrades state and an initial provider failure rejects ready
ok 447 - watch factory failure degrades state and an initial provider failure rejects ready
  ---
  duration_ms: 0.355834
  type: 'test'
  ...
# Subtest: late subscribers replay current state and close disposes a watcher still starting
ok 448 - late subscribers replay current state and close disposes a watcher still starting
  ---
  duration_ms: 0.592125
  type: 'test'
  ...
# Subtest: opt-in engine evidence counts provider builds without logging context paths
ok 449 - opt-in engine evidence counts provider builds without logging context paths
  ---
  duration_ms: 7.266291
  type: 'test'
  ...
# Subtest: real provider engines keep simultaneous alternate-index environments isolated
ok 450 - real provider engines keep simultaneous alternate-index environments isolated
  ---
  duration_ms: 264.570417
  type: 'test'
  ...
# Subtest: watcher bursts attach one rejection handler per dirty batch, including an active-read follow-up
ok 451 - watcher bursts attach one rejection handler per dirty batch, including an active-read follow-up
  ---
  duration_ms: 115.65175
  type: 'test'
  ...
# Subtest: release screenshots have the declared dimensions and resolvable source commits
ok 452 - release screenshots have the declared dimensions and resolvable source commits
  ---
  duration_ms: 3.478833
  type: 'test'
  ...
# Subtest: state mode is explicit and rejects unknown rollback values
ok 453 - state mode is explicit and rejects unknown rollback values
  ---
  duration_ms: 1.091208
  type: 'test'
  ...
# Subtest: only typed identity and snapshot-size failures select explicit fallback
ok 454 - only typed identity and snapshot-size failures select explicit fallback
  ---
  duration_ms: 0.157167
  type: 'test'
  ...
# Subtest: namespace semantics follow immutable environment overrides, not mutable config contents
ok 455 - namespace semantics follow immutable environment overrides, not mutable config contents
  ---
  duration_ms: 0.618916
  type: 'test'
  ...
# Subtest: delivery localization preserves provider errors and never mutates a shared snapshot
ok 456 - delivery localization preserves provider errors and never mutates a shared snapshot
  ---
  duration_ms: 0.794083
  type: 'test'
  ...
# Subtest: bootstrap stays dormant and exposes repository and host subscription seams
ok 457 - bootstrap stays dormant and exposes repository and host subscription seams
  ---
  duration_ms: 1.402167
  type: 'test'
  ...
# Subtest: local config is reloaded for every shared delivery
ok 458 - local config is reloaded for every shared delivery
  ---
  duration_ms: 0.401041
  type: 'test'
  ...
# Subtest: different immutable semantics cannot borrow the first runtime
ok 459 - different immutable semantics cannot borrow the first runtime
  ---
  duration_ms: 0.23125
  type: 'test'
  ...
# Subtest: typed identity failure switches one subscription to explicit in-process fallback
ok 460 - typed identity failure switches one subscription to explicit in-process fallback
  ---
  duration_ms: 0.559042
  type: 'test'
  ...
# Subtest: post-initial oversize signal switches automatically and ignores the old epoch
ok 461 - post-initial oversize signal switches automatically and ignores the old epoch
  ---
  duration_ms: 4.36325
  type: 'test'
  ...
# Subtest: normal shared connection errors remain visible and do not silently fall back
ok 462 - normal shared connection errors remain visible and do not silently fall back
  ---
  duration_ms: 0.356792
  type: 'test'
  ...
# Subtest: close does not wait on a blocked ready or unbounded remote close
ok 463 - close does not wait on a blocked ready or unbounded remote close
  ---
  duration_ms: 11.052791
  type: 'test'
  ...
# Subtest: switching context closes the old subscription before opening the next
ok 464 - switching context closes the old subscription before opening the next
  ---
  duration_ms: 0.377834
  type: 'test'
  ...
# Subtest: explicit in-process mode is selected before shared runtime construction
ok 465 - explicit in-process mode is selected before shared runtime construction
  ---
  duration_ms: 0.096583
  type: 'test'
  ...
# Subtest: real facade and daemon derive one namespace and deliver repository state
ok 466 - real facade and daemon derive one namespace and deliver repository state
  ---
  duration_ms: 1540.8095
  type: 'test'
  ...
# Subtest: real in-process fallback remains refreshable and closes its engine
ok 467 - real in-process fallback remains refreshable and closes its engine
  ---
  duration_ms: 99.068125
  type: 'test'
  ...
# Subtest: manual refresh switches on a typed size failure but preserves ordinary errors
ok 468 - manual refresh switches on a typed size failure but preserves ordinary errors
  ---
  duration_ms: 0.776666
  type: 'test'
  ...
# Subtest: facade rejects malformed identities and invalid subscription contracts
ok 469 - facade rejects malformed identities and invalid subscription contracts
  ---
  duration_ms: 0.348333
  type: 'test'
  ...
# Subtest: a wide-ambiguous terminal keeps every row inside the rail width
ok 470 - a wide-ambiguous terminal keeps every row inside the rail width
  ---
  duration_ms: 1051.075166
  type: 'test'
  ...
# Subtest: demo snapshot is coherent at 25 columns
ok 471 - demo snapshot is coherent at 25 columns
  ---
  duration_ms: 522.781208
  type: 'test'
  ...
# Subtest: demo snapshot is coherent at 36 columns
ok 472 - demo snapshot is coherent at 36 columns
  ---
  duration_ms: 518.122458
  type: 'test'
  ...
# Subtest: demo snapshot is coherent at 52 columns
ok 473 - demo snapshot is coherent at 52 columns
  ---
  duration_ms: 509.810417
  type: 'test'
  ...
# Subtest: demo snapshot is coherent at 100 columns
ok 474 - demo snapshot is coherent at 100 columns
  ---
  duration_ms: 500.180291
  type: 'test'
  ...
# Subtest: demo snapshot ignores ambient user configuration and SideRail overrides
ok 475 - demo snapshot ignores ambient user configuration and SideRail overrides
  ---
  duration_ms: 517.406292
  type: 'test'
  ...
# Subtest: Files view starts with folders collapsed at 25 columns
ok 476 - Files view starts with folders collapsed at 25 columns
  ---
  duration_ms: 518.318667
  type: 'test'
  ...
# Subtest: Files view starts with folders collapsed at 100 columns
ok 477 - Files view starts with folders collapsed at 100 columns
  ---
  duration_ms: 509.066792
  type: 'test'
  ...
# Subtest: production Files repaint materializes only the 20k-path viewport
ok 478 - production Files repaint materializes only the 20k-path viewport
  ---
  duration_ms: 1658.71825
  type: 'test'
  ...
# Subtest: Files search expands matching paths from collapsed folders for keyboard access
ok 479 - Files search expands matching paths from collapsed folders for keyboard access
  ---
  duration_ms: 541.232958
  type: 'test'
  ...
# Subtest: a selected folder row is legible instead of muted against the selection
ok 480 - a selected folder row is legible instead of muted against the selection
  ---
  duration_ms: 478.371167
  type: 'test'
  ...
# Subtest: keyboard navigation expands an initially collapsed Files folder
ok 481 - keyboard navigation expands an initially collapsed Files folder
  ---
  duration_ms: 477.114458
  type: 'test'
  ...
# Subtest: Changes search includes commit history summaries
ok 482 - Changes search includes commit history summaries
  ---
  duration_ms: 514.1665
  type: 'test'
  ...
# Subtest: commit-history search filters expanded commit children
ok 483 - commit-history search filters expanded commit children
  ---
  duration_ms: 501.035209
  type: 'test'
  ...
# Subtest: loaded commit search rows replace preview glyphs with real status and stats
ok 484 - loaded commit search rows replace preview glyphs with real status and stats
  ---
  duration_ms: 497.247792
  type: 'test'
  ...
# Subtest: Changes and Files default to Tree at narrow and wide widths
ok 485 - Changes and Files default to Tree at narrow and wide widths
  ---
  duration_ms: 2001.615375
  type: 'test'
  ...
# Subtest: Tree and Folders layouts render identical file status and stats
ok 486 - Tree and Folders layouts render identical file status and stats
  ---
  duration_ms: 998.685042
  type: 'test'
  ...
# Subtest: rendered status matrix includes Git glyphs, numeric stats, and binary labels
ok 487 - rendered status matrix includes Git glyphs, numeric stats, and binary labels
  ---
  duration_ms: 697.780208
  type: 'test'
  ...
# Subtest: conflicted files render their dedicated on-screen glyph
ok 488 - conflicted files render their dedicated on-screen glyph
  ---
  duration_ms: 475.04725
  type: 'test'
  ...
# Subtest: large repositories fully render Changes and Files without continuation controls
ok 489 - large repositories fully render Changes and Files without continuation controls
  ---
  duration_ms: 778.955666
  type: 'test'
  ...
# Subtest: Files render includes current untracked paths and excludes every deleted path
ok 490 - Files render includes current untracked paths and excludes every deleted path
  ---
  duration_ms: 430.632833
  type: 'test'
  ...
# Subtest: sidebar rows stay within terminal width for wide filenames
ok 491 - sidebar rows stay within terminal width for wide filenames
  ---
  duration_ms: 339.754833
  type: 'test'
  ...
# Subtest: clean Changes view states that the worktree is clean
ok 492 - clean Changes view states that the worktree is clean
  ---
  duration_ms: 352.253292
  type: 'test'
  ...
# Subtest: non-repository Files stays browsable with one neutral file icon
ok 493 - non-repository Files stays browsable with one neutral file icon
  ---
  duration_ms: 342.455959
  type: 'test'
  ...
# Subtest: keyboard can expand a commit-summary search result
ok 494 - keyboard can expand a commit-summary search result
  ---
  duration_ms: 517.159709
  type: 'test'
  ...
# Subtest: help overlay explains keys and icons, scrolls, and returns to a highlighted selection
ok 495 - help overlay explains keys and icons, scrolls, and returns to a highlighted selection
  ---
  duration_ms: 754.837334
  type: 'test'
  ...
# Subtest: Escape clears a keyboard selection before a second press closes the rail
ok 496 - Escape clears a keyboard selection before a second press closes the rail
  ---
  duration_ms: 553.998083
  type: 'test'
  ...
# Subtest: fatal rail errors restore terminal modes before exiting nonzero
ok 497 - fatal rail errors restore terminal modes before exiting nonzero
  ---
  duration_ms: 441.286459
  type: 'test'
  ...
# Subtest: selection survives edit, stage, and commit refreshes while Files drops a later deletion
ok 498 - selection survives edit, stage, and commit refreshes while Files drops a later deletion
  ---
  duration_ms: 6348.296583
  type: 'test'
  ...
# Subtest: the live rail clears main history when branches change
ok 499 - the live rail clears main history when branches change
  ---
  duration_ms: 4572.22825
  type: 'test'
  ...
# Subtest: terminal editor return and manual reload both re-read preview content
ok 500 - terminal editor return and manual reload both re-read preview content
  ---
  duration_ms: 411.249208
  type: 'test'
  ...
# Subtest: preview processes coalesced search input, advances matches, and exposes horizontal navigation
ok 501 - preview processes coalesced search input, advances matches, and exposes horizontal navigation
  ---
  duration_ms: 260.022667
  type: 'test'
  ...
# Subtest: embedded Markdown rendering stays inside the pageable preview viewport
ok 502 - embedded Markdown rendering stays inside the pageable preview viewport
  ---
  duration_ms: 417.258292
  type: 'test'
  ...
# Subtest: a hostile repository config cannot auto-launch a preview executable
ok 503 - a hostile repository config cannot auto-launch a preview executable
  ---
  duration_ms: 116.5005
  type: 'test'
  ...
# Subtest: embedded Glow renders the selected Markdown bytes through stdin
ok 504 - embedded Glow renders the selected Markdown bytes through stdin
  ---
  duration_ms: 318.626542
  type: 'test'
  ...
# Subtest: a configured Markdown action auto-opens embedded Glow and action 3 renders it again
ok 505 - a configured Markdown action auto-opens embedded Glow and action 3 renders it again
  ---
  duration_ms: 345.6855
  type: 'test'
  ...
# Subtest: preview reports repaint latency for a large allowed line count
ok 506 - preview reports repaint latency for a large allowed line count
  ---
  duration_ms: 2004.860167
  type: 'test'
  ...
# 75,000-line preview repaint: 21ms
# Subtest: preview avoids wrapped-row amplification for a pathological single line
ok 507 - preview avoids wrapped-row amplification for a pathological single line
  ---
  duration_ms: 248.785291
  type: 'test'
  ...
# Subtest: preview rejects pathological line counts before rendered-memory amplification
ok 508 - preview rejects pathological line counts before rendered-memory amplification
  ---
  duration_ms: 237.737208
  type: 'test'
  ...
# Subtest: one shared worker retains then removes many owner-only preview directories
ok 509 - one shared worker retains then removes many owner-only preview directories
  ---
  duration_ms: 1089.18925
  type: 'test'
  ...
# Subtest: shared cleanup refuses arbitrary temporary directories
ok 510 - shared cleanup refuses arbitrary temporary directories
  ---
  duration_ms: 3.142667
  type: 'test'
  ...
# Subtest: cleanup-worker spawn errors are contained and reported
ok 511 - cleanup-worker spawn errors are contained and reported
  ---
  duration_ms: 2.352875
  type: 'test'
  ...
# Subtest: the shared worker directly expires markers and releases its ownership lock
ok 512 - the shared worker directly expires markers and releases its ownership lock
  ---
  duration_ms: 25.159958
  type: 'test'
  ...
# Subtest: Files notices disclose independent scan and presence truncation
ok 513 - Files notices disclose independent scan and presence truncation
  ---
  duration_ms: 4.313208
  type: 'test'
  ...
# Subtest: cmux file clicks open one native preview while Herdr keeps double-click open
ok 514 - cmux file clicks open one native preview while Herdr keeps double-click open
  ---
  duration_ms: 0.269167
  type: 'test'
  ...
# Subtest: selection reconciliation preserves errors and active transient status
ok 515 - selection reconciliation preserves errors and active transient status
  ---
  duration_ms: 0.088875
  type: 'test'
  ...
# Subtest: terminal text blocks OSC52 and every terminal control family
ok 516 - terminal text blocks OSC52 and every terminal control family
  ---
  duration_ms: 0.276333
  type: 'test'
  ...
# Subtest: clean Files metadata opens Raw even with a workspace descriptor
ok 517 - clean Files metadata opens Raw even with a workspace descriptor
  ---
  duration_ms: 0.061
  type: 'test'
  ...
# Subtest: successful asynchronous actions restore the pre-busy status
ok 518 - successful asynchronous actions restore the pre-busy status
  ---
  duration_ms: 0.049542
  type: 'test'
  ...
# Subtest: commit preview context distinguishes first-parent and root comparisons
ok 519 - commit preview context distinguishes first-parent and root comparisons
  ---
  duration_ms: 0.053959
  type: 'test'
  ...
# Subtest: preview tab names use a safe capped basename
ok 520 - preview tab names use a safe capped basename
  ---
  duration_ms: 0.550875
  type: 'test'
  ...
# Subtest: ambiguous-width characters follow the configured terminal setting
ok 521 - ambiguous-width characters follow the configured terminal setting
  ---
  duration_ms: 0.198625
  type: 'test'
  ...
# Subtest: terminal layout helpers measure, truncate, pad, and compact by display columns
ok 522 - terminal layout helpers measure, truncate, pad, and compact by display columns
  ---
  duration_ms: 0.433
  type: 'test'
  ...
# Subtest: preview wrapping preserves gutters, ANSI styles, Unicode width, and source rows
ok 523 - preview wrapping preserves gutters, ANSI styles, Unicode width, and source rows
  ---
  duration_ms: 0.735833
  type: 'test'
  ...
# Subtest: embedded renderer output keeps only SGR styling
ok 524 - embedded renderer output keeps only SGR styling
  ---
  duration_ms: 0.145375
  type: 'test'
  ...
# Subtest: terminal input decoder preserves ordered coalesced keyboard, CSI, and mouse events
ok 525 - terminal input decoder preserves ordered coalesced keyboard, CSI, and mouse events
  ---
  duration_ms: 11.222584
  type: 'test'
  ...
# Subtest: pointer clicks recognize a cmux-paced double click and reset after opening
ok 526 - pointer clicks recognize a cmux-paced double click and reset after opening
  ---
  duration_ms: 0.131667
  type: 'test'
  ...
# Subtest: an intervening non-file click cancels a pending file double click
ok 527 - an intervening non-file click cancels a pending file double click
  ---
  duration_ms: 0.093625
  type: 'test'
  ...
# Subtest: an intervening blank click cancels a pending file double click
ok 528 - an intervening blank click cancels a pending file double click
  ---
  duration_ms: 0.063583
  type: 'test'
  ...
# Subtest: wheel and keyboard input cancel a pending file double click without treating mouse release as input
ok 529 - wheel and keyboard input cancel a pending file double click without treating mouse release as input
  ---
  duration_ms: 0.079833
  type: 'test'
  ...
# Subtest: summary-only commit matches can expand to meaningful file content
ok 530 - summary-only commit matches can expand to meaningful file content
  ---
  duration_ms: 0.075959
  type: 'test'
  ...
# Subtest: poll timers reject corrupted intervals independently of configuration
ok 531 - poll timers reject corrupted intervals independently of configuration
  ---
  duration_ms: 0.08
  type: 'test'
  ...
# Subtest: filesystem invalidations coalesce and enforce a minimum refresh cadence
ok 532 - filesystem invalidations coalesce and enforce a minimum refresh cadence
  ---
  duration_ms: 0.125
  type: 'test'
  ...
# Subtest: a successful refresh clears only refresh failures
ok 533 - a successful refresh clears only refresh failures
  ---
  duration_ms: 0.051916
  type: 'test'
  ...
# Subtest: SGR mouse reports can be removed without leaking bytes into search text
ok 534 - SGR mouse reports can be removed without leaking bytes into search text
  ---
  duration_ms: 0.110208
  type: 'test'
  ...
# Subtest: startup provider failures become an actionable render state
ok 535 - startup provider failures become an actionable render state
  ---
  duration_ms: 0.089417
  type: 'test'
  ...
# Subtest: sidebar snapshots cannot emit OSC52 from repository and filename data
ok 536 - sidebar snapshots cannot emit OSC52 from repository and filename data
  ---
  duration_ms: 493.639083
  type: 'test'
  ...
# Subtest: preview requests serialize and skip superseded queued selections
ok 537 - preview requests serialize and skip superseded queued selections
  ---
  duration_ms: 0.460709
  type: 'test'
  ...
# Subtest: keyboard selection reveal uses rendered row position
ok 538 - keyboard selection reveal uses rendered row position
  ---
  duration_ms: 0.075125
  type: 'test'
  ...
# Subtest: the fallback palette is indexed so it inherits the terminal theme
ok 539 - the fallback palette is indexed so it inherits the terminal theme
  ---
  duration_ms: 0.952042
  type: 'test'
  ...
# Subtest: color values accept every documented Herdr spelling
ok 540 - color values accept every documented Herdr spelling
  ---
  duration_ms: 0.291042
  type: 'test'
  ...
# Subtest: token reading keeps hash colors and ignores unrelated sections
ok 541 - token reading keeps hash colors and ignores unrelated sections
  ---
  duration_ms: 0.895083
  type: 'test'
  ...
# Subtest: scalar reading handles bare, escaped, and unterminated values
ok 542 - scalar reading handles bare, escaped, and unterminated values
  ---
  duration_ms: 0.079417
  type: 'test'
  ...
# Subtest: [ui] accent applies only when [theme.custom] omits one
ok 543 - [ui] accent applies only when [theme.custom] omits one
  ---
  duration_ms: 0.120084
  type: 'test'
  ...
# Subtest: only the four documented tokens override the fallback palette
ok 544 - only the four documented tokens override the fallback palette
  ---
  duration_ms: 0.130083
  type: 'test'
  ...
# Subtest: the config path honours HERDR_CONFIG_PATH ahead of XDG and HOME
ok 545 - the config path honours HERDR_CONFIG_PATH ahead of XDG and HOME
  ---
  duration_ms: 0.12875
  type: 'test'
  ...
# Subtest: a missing, unreadable, or cmux-hosted config leaves the fallback palette
ok 546 - a missing, unreadable, or cmux-hosted config leaves the fallback palette
  ---
  duration_ms: 3.82
  type: 'test'
  ...
# Subtest: compact commit ages preserve value and unit
ok 547 - compact commit ages preserve value and unit
  ---
  duration_ms: 0.8765
  type: 'test'
  ...
# Subtest: root files sort after every folder group
ok 548 - root files sort after every folder group
  ---
  duration_ms: 8.024667
  type: 'test'
  ...
# Subtest: uninstall closes only live pane instances owned by this checkout before unlinking
ok 549 - uninstall closes only live pane instances owned by this checkout before unlinking
  ---
  duration_ms: 1.917958
  type: 'test'
  ...
# Subtest: uninstall fails closed on a reused or spoofed SideRail pane
ok 550 - uninstall fails closed on a reused or spoofed SideRail pane
  ---
  duration_ms: 0.463625
  type: 'test'
  ...
# Subtest: the rail shows a chosen Herdr worktree and follows its pane again when released (shared)
ok 551 - the rail shows a chosen Herdr worktree and follows its pane again when released (shared)
  ---
  duration_ms: 1202.049833
  type: 'test'
  ...
# Subtest: the rail shows a chosen Herdr worktree and follows its pane again when released (in-process)
ok 552 - the rail shows a chosen Herdr worktree and follows its pane again when released (in-process)
  ---
  duration_ms: 807.182292
  type: 'test'
  ...
1..552
# tests 563
# suites 0
# pass 562
# fail 0
# cancelled 0
# skipped 1
# todo 0
# duration_ms 132037.895833
# start of coverage report
# --------------------------------------------------------------------------------------------------------------------------------------------------------------------------------------
# file                          | line % | branch % | funcs % | uncovered lines
# --------------------------------------------------------------------------------------------------------------------------------------------------------------------------------------
# src                           |        |          |         | 
#  cmux-context-watch.mjs       | 100.00 |    96.77 |  100.00 | 
#  cmux-context.mjs             |  98.40 |    88.14 |   97.87 | 106-107 115-116 255-257 308-309
#  cmux-preview-lifecycle.mjs   |  98.07 |    86.98 |  100.00 | 172-174 215-217 381-382
#  cmux-resume.mjs              | 100.00 |    90.00 |  100.00 | 
#  config.mjs                   |  97.24 |    92.86 |   96.67 | 65-66 69-70 144-145 159-160
#  debug-log.mjs                |  86.67 |    83.33 |  100.00 | 13-14
#  diff-view.mjs                |  86.67 |    82.35 |  100.00 | 45-48 67-72
#  direct-file-open.mjs         | 100.00 |    73.33 |  100.00 | 
#  files-view-model.mjs         |  98.36 |    91.76 |   95.65 | 145-147
#  fixture.mjs                  | 100.00 |   100.00 |  100.00 | 
#  git-invalidation.mjs         |  98.63 |    88.84 |   97.87 | 337-341
#  git-parsers.mjs              | 100.00 |    95.06 |  100.00 | 
#  git-provider.mjs             |  98.88 |    92.89 |  100.00 | 85-86 227-229 327-328
#  git-state-client.mjs         |  92.30 |    80.82 |   93.51 | 57-60 96-97 107-108 154-157 184-186 246-250 263-269 342-343 405-409 428-431 468 531-536 620-623 666-669 693-694 702-703
#  git-state-coordinator.mjs    |  92.05 |    77.63 |   90.38 | 90-92 104-106 156-157 215-217 281-283 289-292 315-317 329-330 339-340 342-345 369-370 372-375 409-411
#  git-state-identity.mjs       | 100.00 |    94.52 |  100.00 | 
#  git-state-protocol.mjs       | 100.00 |    97.69 |  100.00 | 
#  git-state-runtime.mjs        |  97.97 |    93.67 |   90.48 | 176-180
#  git-watch.mjs                | 100.00 |    92.31 |  100.00 | 
#  herdr-context-watch.mjs      | 100.00 |    93.51 |   96.00 | 
#  herdr-context.mjs            |  89.26 |    69.81 |  100.00 | 35-45 119-120
#  herdr-layout.mjs             | 100.00 |    71.43 |   83.33 | 
#  herdr-pane-state.mjs         |  94.15 |    72.22 |   90.91 | 73-74 82-83 114 116 183-187
#  herdr-plugin-pane.mjs        | 100.00 |   100.00 |  100.00 | 
#  herdr-socket.mjs             |  94.15 |    85.11 |   92.31 | 37-41 115-116 150-152
#  host-identity.mjs            | 100.00 |   100.00 |  100.00 | 
#  host-setup.mjs               | 100.00 |    99.15 |  100.00 | 
#  install-watch.mjs            | 100.00 |    92.50 |   90.91 | 
#  model.mjs                    |  84.44 |    90.48 |   82.35 | 64-74 85-87
#  node-version.mjs             | 100.00 |   100.00 |  100.00 | 
#  preview-pane-lifecycle.mjs   |  89.82 |    76.56 |  100.00 | 86-97 123-127
#  preview-provider.mjs         |  98.31 |    85.81 |  100.00 | 62 94 160 223
#  preview-search.mjs           | 100.00 |    87.50 |  100.00 | 
#  process.mjs                  |  93.85 |    89.71 |   85.00 | 81 91-94 119-120 156 184-185 187-188
#  rail-state-client.mjs        | 100.00 |   100.00 |   88.89 | 
#  rail-target.mjs              |  97.79 |    87.21 |   96.88 | 30-31 137-138
#  refresh-scheduler.mjs        |  98.98 |    86.87 |   93.94 | 234-235 264
#  repository-client.mjs        |  94.02 |    61.11 |   93.75 | 58-59 84-88
#  repository-engine.mjs        | 100.00 |    84.25 |  100.00 | 
#  shared-rail-runtime.mjs      |  97.96 |    86.55 |   86.36 | 202-204 227-229 258-259
#  temporary-copy-retention.mjs |  94.81 |    75.44 |  100.00 | 65-66 68-69 72 151-153
#  terminal-ui.mjs              |  98.54 |    90.84 |   94.34 | 194-196 247-249 362-363
#  theme.mjs                    | 100.00 |    97.14 |  100.00 | 
#  tui-format.mjs               | 100.00 |    77.78 |  100.00 | 
# --------------------------------------------------------------------------------------------------------------------------------------------------------------------------------------
# all files                     |  97.19 |    88.51 |   95.38 | 
# --------------------------------------------------------------------------------------------------------------------------------------------------------------------------------------
# end of coverage report

> siderail@0.2.0 snapshot
> node scripts/siderail.mjs --demo --snapshot --width 52 --height 46

 [1msiderail-fixture[0m                                   
  [38;5;7m↱ feature/sidebar[0m                                 
[38;5;8m────────────────────────────────────────────────────[0m
[48;5;8m[38;5;3m[1m CHANGES                  [0m[2m FILES                    [0m
[48;5;8m[2m ⌕ Search changes & commits…                        [0m
 [38;5;3m≡ Tree[0m   [38;5;7m↻ Refresh[0m                                 
[38;5;8m────────────────────────────────────────────────────[0m
[38;5;3m▏[0m› Against main  [2m2[0m                                  
 › Commits  [2m1[0m                                       
 ⌄ Staged  [2m1[0m                                        
 [38;5;8m[0m[38;5;7m› src/[0m                                             
 ⌄ Unstaged  [2m1[0m                                      
 [38;5;8m[0m[38;5;7m› src/[0m                                             
 ⌄ Untracked  [2m2[0m                                     
 [38;5;8m[0m[38;5;7m› assets/[0m                                          
 [38;5;8m[0m[38;5;7m› notes/[0m                                           
                                                    
                                                    
                                                    
                                                    
                                                    
                                                    
                                                    
                                                    
                                                    
                                                    
                                                    
                                                    
                                                    
                                                    
                                                    
                                                    
                                                    
                                                    
                                                    
                                                    
                                                    
                                                    
                                                    
                                                    
                                                    
                                                    
                                                    
                                                    
[38;5;8m────────────────────────────────────────────────────[0m
[2mj/k select · Enter open · ? help · / search · q[0m     

> siderail@0.2.0 artifact:verify
> node scripts/verify-artifact.mjs

Verified 5 manifest runtime files and 59 archive runtime dependencies, all in the npm files allowlist
v22.23.2
